{u'error': {u'code': u'BUSINESS_UNAVAILABLE', u'description': u'We may not be able to provide details for certain businesses, for example if they do not have any reviews yet.'}}
{u'reviews': [{u'url': u'https://www.yelp.com/biz/bellons-kung-pao-express-bryan?hrid=oFfAkjK908figwBDIDHPyQ&adjust_creative=2Slx3F97ZFV4IU3uImzXaw&utm_campaign=yelp_api_v3&utm_medium=api_v3_business_reviews&utm_source=2Slx3F97ZFV4IU3uImzXaw', u'text': u'For those of you familiar with downtown Bryan, this is in the same location where Krispy Krunchy Chicken used to be.\n\nIts in a gas station/convenience...', u'user': {u'image_url': u'https://s3-media1.fl.yelpcdn.com/photo/YDeW7uClkYULgV8gqlcJag/o.jpg', u'name': u'Imba K.'}, u'time_created': u'2016-06-07 09:50:26', u'rating': 2}], u'total': 1}
{u'reviews': [{u'url': u'https://www.yelp.com/biz/jack-in-the-box-bryan?hrid=0KYmczKEZMvVIXRKMSOJwQ&adjust_creative=2Slx3F97ZFV4IU3uImzXaw&utm_campaign=yelp_api_v3&utm_medium=api_v3_business_reviews&utm_source=2Slx3F97ZFV4IU3uImzXaw', u'text': u"We use to stop by this JITB quiet often as it's on the way home. Mainly for tea sometimes a snack. \n\nThe drive thru is always packed. But when chatting and...", u'user': {u'image_url': u'https://s3-media1.fl.yelpcdn.com/photo/JI7qprx1g6HC3BqKCMOtdA/o.jpg', u'name': u'Cordelia Y.'}, u'time_created': u'2009-05-17 09:07:50', u'rating': 2}, {u'url': u'https://www.yelp.com/biz/jack-in-the-box-bryan?hrid=LTI7TjWUXQQwYcJWvRwiXg&adjust_creative=2Slx3F97ZFV4IU3uImzXaw&utm_campaign=yelp_api_v3&utm_medium=api_v3_business_reviews&utm_source=2Slx3F97ZFV4IU3uImzXaw', u'text': u"This is, hands down, the filthiest fast food restaurant I've ever visited. I was blinded by my hunger and need to grab a quick bite.\n\nI ordered, I visited...", u'user': {u'image_url': u'https://s3-media2.fl.yelpcdn.com/photo/KRLX-n8GLOF1WH6CjuZusA/o.jpg', u'name': u'J S.'}, u'time_created': u'2017-09-07 11:15:05', u'rating': 1}, {u'url': u'https://www.yelp.com/biz/jack-in-the-box-bryan?hrid=Z8cOkPD5A_ujv8OHjrw1yA&adjust_creative=2Slx3F97ZFV4IU3uImzXaw&utm_campaign=yelp_api_v3&utm_medium=api_v3_business_reviews&utm_source=2Slx3F97ZFV4IU3uImzXaw', u'text': u'Do not ever go to this Jack in the Box, your order will not be right.  I understand having off nights, and that is why I have tried going back a few times...', u'user': {u'image_url': u'https://s3-media2.fl.yelpcdn.com/photo/MfR5AyehOD4kDNlEXkYIPg/o.jpg', u'name': u'Gregory B.'}, u'time_created': u'2017-08-17 21:09:10', u'rating': 1}], u'total': 7}
{u'reviews': [{u'url': u'https://www.yelp.com/biz/taqueria-la-perla-bryan?hrid=H2l_9nq3qHykzNpgcNgLCA&adjust_creative=2Slx3F97ZFV4IU3uImzXaw&utm_campaign=yelp_api_v3&utm_medium=api_v3_business_reviews&utm_source=2Slx3F97ZFV4IU3uImzXaw', u'text': u'Very good food. I always get the beef fajita tacos. Very authentic and the food will make you come back for more.', u'user': {u'image_url': u'https://s3-media1.fl.yelpcdn.com/photo/7mZe8Ky9CZOBk5_KeG-twA/o.jpg', u'name': u'Eddie C.'}, u'time_created': u'2017-07-03 12:55:52', u'rating': 5}, {u'url': u'https://www.yelp.com/biz/taqueria-la-perla-bryan?hrid=WXj35JruwJSQXf74iP-REA&adjust_creative=2Slx3F97ZFV4IU3uImzXaw&utm_campaign=yelp_api_v3&utm_medium=api_v3_business_reviews&utm_source=2Slx3F97ZFV4IU3uImzXaw', u'text': u'I rarely give a taqueria more than three stars because they are just not all that interesting. This is one of the few exceptions as these are easily among...', u'user': {u'image_url': u'https://s3-media1.fl.yelpcdn.com/photo/YDeW7uClkYULgV8gqlcJag/o.jpg', u'name': u'Imba K.'}, u'time_created': u'2016-06-01 04:28:01', u'rating': 4}, {u'url': u'https://www.yelp.com/biz/taqueria-la-perla-bryan?hrid=1vwjGse3_ACaTN2XCcXM8A&adjust_creative=2Slx3F97ZFV4IU3uImzXaw&utm_campaign=yelp_api_v3&utm_medium=api_v3_business_reviews&utm_source=2Slx3F97ZFV4IU3uImzXaw', u'text': u'The food was pretty good, & the agua de horchata was perfect! Fajita enchiladas were on point, the rice & beans totally have a homemade touch....we will be...', u'user': {u'image_url': u'https://s3-media4.fl.yelpcdn.com/photo/eoidsXTInj7ZDIwuIvSthg/o.jpg', u'name': u'Diana R.'}, u'time_created': u'2016-02-13 18:49:02', u'rating': 5}], u'total': 9}
{u'reviews': [{u'url': u'https://www.yelp.com/biz/roberts-taqueria-bryan?hrid=w0_pHGBVs8JMNL2hK335hg&adjust_creative=2Slx3F97ZFV4IU3uImzXaw&utm_campaign=yelp_api_v3&utm_medium=api_v3_business_reviews&utm_source=2Slx3F97ZFV4IU3uImzXaw', u'text': u'This is literally a "Hole in The Wall" Taqueria as located inside the Chevron, you actually do order through a hole in the wall.   \n\nI saw the sign by the...', u'user': {u'image_url': u'https://s3-media4.fl.yelpcdn.com/photo/ZCPKbFey3OF83MI8wPdNpg/o.jpg', u'name': u'Greg D.'}, u'time_created': u'2010-07-10 20:30:19', u'rating': 3}], u'total': 1}
{u'reviews': [{u'url': u'https://www.yelp.com/biz/mcdonalds-bryan-2?hrid=_YAnplPNYnHn3SDCh5hFGw&adjust_creative=2Slx3F97ZFV4IU3uImzXaw&utm_campaign=yelp_api_v3&utm_medium=api_v3_business_reviews&utm_source=2Slx3F97ZFV4IU3uImzXaw', u'text': u"This is by far the cleanest and nicest McDonald's I've ever been in !!!! I almost can't believe it ! I stopped and told the employees how much I appreciate...", u'user': {u'image_url': u'https://s3-media1.fl.yelpcdn.com/photo/1G8c1kC5iuWzm57TM949bw/o.jpg', u'name': u'Nicole B.'}, u'time_created': u'2017-08-01 13:17:53', u'rating': 5}, {u'url': u'https://www.yelp.com/biz/mcdonalds-bryan-2?hrid=bnonxduAVCkgrhjNRwfiyg&adjust_creative=2Slx3F97ZFV4IU3uImzXaw&utm_campaign=yelp_api_v3&utm_medium=api_v3_business_reviews&utm_source=2Slx3F97ZFV4IU3uImzXaw', u'text': u'Great staff! Great service! Hot and fresh food! You walk in a receive a friendly greeting. There drive thru moves fast. Appropriately staffed for a fast...', u'user': {u'image_url': u'https://s3-media3.fl.yelpcdn.com/photo/yBd2U45ZLG3moThjl0LWhQ/o.jpg', u'name': u'Izhar C.'}, u'time_created': u'2014-09-21 14:08:21', u'rating': 5}, {u'url': u'https://www.yelp.com/biz/mcdonalds-bryan-2?hrid=6kWp25MUuIr6nCZ1quohog&adjust_creative=2Slx3F97ZFV4IU3uImzXaw&utm_campaign=yelp_api_v3&utm_medium=api_v3_business_reviews&utm_source=2Slx3F97ZFV4IU3uImzXaw', u'text': u'They updated this McDonalds a couple years ago. Pretty much a standard non play place McDonalds. Drive through is generally fast. Making a left onto 21 can...', u'user': {u'image_url': u'https://s3-media2.fl.yelpcdn.com/photo/v1lidfmcrax1mTRlpHRgDA/o.jpg', u'name': u'Adam P.'}, u'time_created': u'2014-08-29 22:06:45', u'rating': 3}], u'total': 3}
{u'reviews': [{u'url': u'https://www.yelp.com/biz/subway-bryan-11?hrid=p11Hg9074rL-ktp_7BmIxQ&adjust_creative=2Slx3F97ZFV4IU3uImzXaw&utm_campaign=yelp_api_v3&utm_medium=api_v3_business_reviews&utm_source=2Slx3F97ZFV4IU3uImzXaw', u'text': u'Convenient location if you need to eat before grocery shopping at the West Bryan HEB.   Totally great for watching the freak show right at the entrance /...', u'user': {u'image_url': u'https://s3-media4.fl.yelpcdn.com/photo/ZCPKbFey3OF83MI8wPdNpg/o.jpg', u'name': u'Greg D.'}, u'time_created': u'2014-07-07 17:42:55', u'rating': 3}], u'total': 1}
{u'reviews': [{u'url': u'https://www.yelp.com/biz/whataburger-bryan-2?hrid=nVCuZB7zDHDf7u8iQ-WVGw&adjust_creative=2Slx3F97ZFV4IU3uImzXaw&utm_campaign=yelp_api_v3&utm_medium=api_v3_business_reviews&utm_source=2Slx3F97ZFV4IU3uImzXaw', u'text': u'Friendly staff but the food was cold! Ordered three orders to go. Cold fries and cold burgers. The cheese was not melted and the patty was cold. It was...', u'user': {u'image_url': None, u'name': u'D D.'}, u'time_created': u'2017-01-07 17:48:52', u'rating': 1}, {u'url': u'https://www.yelp.com/biz/whataburger-bryan-2?hrid=pdRSF9BNOGPQn9GanVjlDw&adjust_creative=2Slx3F97ZFV4IU3uImzXaw&utm_campaign=yelp_api_v3&utm_medium=api_v3_business_reviews&utm_source=2Slx3F97ZFV4IU3uImzXaw', u'text': u'Here\'s a cross review of two different What-A-Burgers that prove the same thing with photos.   \n\nThe Monterey Melt Burger which claims to have "red peppers"...', u'user': {u'image_url': u'https://s3-media4.fl.yelpcdn.com/photo/ZCPKbFey3OF83MI8wPdNpg/o.jpg', u'name': u'Greg D.'}, u'time_created': u'2013-07-30 20:00:04', u'rating': 1}], u'total': 2}
{u'reviews': [{u'url': u'https://www.yelp.com/biz/mcdonalds-bryan-5?hrid=sRlJpAZDzeghYGIICnHdNg&adjust_creative=2Slx3F97ZFV4IU3uImzXaw&utm_campaign=yelp_api_v3&utm_medium=api_v3_business_reviews&utm_source=2Slx3F97ZFV4IU3uImzXaw', u'text': u'Just wanted to take a moment to compliment an employee who always brightens my day. I am by no means a morning person, but Sharron ALWAYS puts a smile on my...', u'user': {u'image_url': u'https://s3-media3.fl.yelpcdn.com/photo/urYy1MFUtXgpqZf35quZQw/o.jpg', u'name': u'Chris F.'}, u'time_created': u'2016-09-07 06:31:46', u'rating': 5}, {u'url': u'https://www.yelp.com/biz/mcdonalds-bryan-5?hrid=Xs0CthE7jMYSSVnwbKEAsg&adjust_creative=2Slx3F97ZFV4IU3uImzXaw&utm_campaign=yelp_api_v3&utm_medium=api_v3_business_reviews&utm_source=2Slx3F97ZFV4IU3uImzXaw', u'text': u"I ordered the southern chicken burger. It was okay but a little over cooked. But it's  fast food so what do you expect.", u'user': {u'image_url': u'https://s3-media4.fl.yelpcdn.com/photo/zIgLyIihexVP66DJq9jfWA/o.jpg', u'name': u'Johnny G.'}, u'time_created': u'2017-04-11 21:25:03', u'rating': 2}, {u'url': u'https://www.yelp.com/biz/mcdonalds-bryan-5?hrid=_6DgK4vVAlVRMqtvzG1yXQ&adjust_creative=2Slx3F97ZFV4IU3uImzXaw&utm_campaign=yelp_api_v3&utm_medium=api_v3_business_reviews&utm_source=2Slx3F97ZFV4IU3uImzXaw', u'text': u"This right here just makes me struggle with trying not to lose faith in humanity.    Yeah I know, what was I doing at McDonald's anyway?   Hunger my friend,...", u'user': {u'image_url': u'https://s3-media4.fl.yelpcdn.com/photo/ZCPKbFey3OF83MI8wPdNpg/o.jpg', u'name': u'Greg D.'}, u'time_created': u'2009-07-24 12:50:18', u'rating': 1}], u'total': 4}
{u'reviews': [{u'url': u'https://www.yelp.com/biz/subway-bryan-8?hrid=4o8gCAHMsgUMx45eUGmeAA&adjust_creative=2Slx3F97ZFV4IU3uImzXaw&utm_campaign=yelp_api_v3&utm_medium=api_v3_business_reviews&utm_source=2Slx3F97ZFV4IU3uImzXaw', u'text': u"The employees are nice but it felt like I was in a Wendy's commercial as I was left wondering where the beef was. Literally one slice of roast beef on my...", u'user': {u'image_url': u'https://s3-media2.fl.yelpcdn.com/photo/aL9KGupNRj2--h9G6aNqtw/o.jpg', u'name': u'Audrey R.'}, u'time_created': u'2016-11-17 16:21:18', u'rating': 2}, {u'url': u'https://www.yelp.com/biz/subway-bryan-8?hrid=THiqfs4oAOOZoA3NbMfIxw&adjust_creative=2Slx3F97ZFV4IU3uImzXaw&utm_campaign=yelp_api_v3&utm_medium=api_v3_business_reviews&utm_source=2Slx3F97ZFV4IU3uImzXaw', u'text': u"I've been to this location out of convenience several times but %80 of the times that I've came, the customer is terrible or non existent. The workers have...", u'user': {u'image_url': u'https://s3-media3.fl.yelpcdn.com/photo/NMvS_niQHor0zE6grXpb5w/o.jpg', u'name': u'Lili C.'}, u'time_created': u'2016-01-11 15:51:07', u'rating': 2}], u'total': 2}
{u'reviews': [{u'url': u'https://www.yelp.com/biz/taco-bell-bryan-2?hrid=TRQj_af6mbNvsZhYFnEDWQ&adjust_creative=2Slx3F97ZFV4IU3uImzXaw&utm_campaign=yelp_api_v3&utm_medium=api_v3_business_reviews&utm_source=2Slx3F97ZFV4IU3uImzXaw', u'text': u"This is the worst Taco Bell I have ever been to. I'm writing this while I wait for my food. It's been 22 minutes. There are 8 people in here, so it's not...", u'user': {u'image_url': None, u'name': u'Lane K.'}, u'time_created': u'2016-11-27 17:38:07', u'rating': 1}, {u'url': u'https://www.yelp.com/biz/taco-bell-bryan-2?hrid=AEHUjIH_hW5LZ7_gGwLYyg&adjust_creative=2Slx3F97ZFV4IU3uImzXaw&utm_campaign=yelp_api_v3&utm_medium=api_v3_business_reviews&utm_source=2Slx3F97ZFV4IU3uImzXaw', u'text': u"Let's revisit this Taco Bell since it's been a few years since my last review of it.  The chains newest product got my attention because it is called a...", u'user': {u'image_url': u'https://s3-media4.fl.yelpcdn.com/photo/ZCPKbFey3OF83MI8wPdNpg/o.jpg', u'name': u'Greg D.'}, u'time_created': u'2011-12-05 13:46:58', u'rating': 1}, {u'url': u'https://www.yelp.com/biz/taco-bell-bryan-2?hrid=KVxhZTUOXuZhxzr8d1I9QQ&adjust_creative=2Slx3F97ZFV4IU3uImzXaw&utm_campaign=yelp_api_v3&utm_medium=api_v3_business_reviews&utm_source=2Slx3F97ZFV4IU3uImzXaw', u'text': u"It's a Taco Bell. Enough said. Although this one is quite sketchy. Orders are frequently messed up. Tables are normally fairly dirty. Also, this location...", u'user': {u'image_url': u'https://s3-media2.fl.yelpcdn.com/photo/j8F16Rp5zdSsO1coWWcI8w/o.jpg', u'name': u'Lindsey G.'}, u'time_created': u'2015-02-17 16:21:59', u'rating': 2}], u'total': 4}
{u'reviews': [{u'url': u'https://www.yelp.com/biz/disciples-cafe-bryan?hrid=iP0chTsADnKFUduf73K6Mg&adjust_creative=2Slx3F97ZFV4IU3uImzXaw&utm_campaign=yelp_api_v3&utm_medium=api_v3_business_reviews&utm_source=2Slx3F97ZFV4IU3uImzXaw', u'text': u'The Disciples Cafe has probably what are the shortest hours of any cafe in BCS, as they are open from 10:00 am until 11:45 only on Sunday.   However I did...', u'user': {u'image_url': u'https://s3-media4.fl.yelpcdn.com/photo/ZCPKbFey3OF83MI8wPdNpg/o.jpg', u'name': u'Greg D.'}, u'time_created': u'2013-04-18 19:59:42', u'rating': 4}], u'total': 1}
{u'reviews': [{u'url': u'https://www.yelp.com/biz/little-caesars-pizza-bryan-4?hrid=X43EE_2pgzORo3wvutMT5Q&adjust_creative=2Slx3F97ZFV4IU3uImzXaw&utm_campaign=yelp_api_v3&utm_medium=api_v3_business_reviews&utm_source=2Slx3F97ZFV4IU3uImzXaw', u'text': u"Boonville Little Caesars.Worst customer service experience ever. I got home with a pizza that was missing a slice. You couldn't tell until you pushed the...", u'user': {u'image_url': u'https://s3-media3.fl.yelpcdn.com/photo/6XIBHrFv8Y4UmZsFKYYPKQ/o.jpg', u'name': u'Felicia G.'}, u'time_created': u'2017-03-05 00:27:40', u'rating': 1}, {u'url': u'https://www.yelp.com/biz/little-caesars-pizza-bryan-4?hrid=V-kSEIcU0FH_KSnajZ7qxg&adjust_creative=2Slx3F97ZFV4IU3uImzXaw&utm_campaign=yelp_api_v3&utm_medium=api_v3_business_reviews&utm_source=2Slx3F97ZFV4IU3uImzXaw', u'text': u"It says they close at 11pm. Got here at 10:25pm and they are inside, looking at us with door locked, & said they closed. Second time this week. I won't ever...", u'user': {u'image_url': u'https://s3-media4.fl.yelpcdn.com/photo/NcP9nJNOaaLQVK_CSuVjyg/o.jpg', u'name': u'Amy L.'}, u'time_created': u'2017-03-28 20:27:59', u'rating': 1}], u'total': 2}
{u'reviews': [{u'url': u'https://www.yelp.com/biz/taco-cabana-bryan-2?hrid=OmhSZr35gJid6ofn-Rptvw&adjust_creative=2Slx3F97ZFV4IU3uImzXaw&utm_campaign=yelp_api_v3&utm_medium=api_v3_business_reviews&utm_source=2Slx3F97ZFV4IU3uImzXaw', u'text': u"I've only been to this location once and I will not be returning.  The food itself was not terrible (not great, though) but it still let a lot to be...", u'user': {u'image_url': u'https://s3-media1.fl.yelpcdn.com/photo/D401LN9MBrW5lIM7h52m6g/o.jpg', u'name': u'Sterling J.'}, u'time_created': u'2015-07-21 15:47:21', u'rating': 2}, {u'url': u'https://www.yelp.com/biz/taco-cabana-bryan-2?hrid=-wnja0tn6Ln--MPvwFrp7w&adjust_creative=2Slx3F97ZFV4IU3uImzXaw&utm_campaign=yelp_api_v3&utm_medium=api_v3_business_reviews&utm_source=2Slx3F97ZFV4IU3uImzXaw', u'text': u'Will NEVER EVER RETURN TO THIS PLACE!! I actually got sick from eating here. I will always love Taco Cabanas, but I do know that these are franchised, this...', u'user': {u'image_url': None, u'name': u'Melissa P.'}, u'time_created': u'2017-09-12 10:20:05', u'rating': 1}, {u'url': u'https://www.yelp.com/biz/taco-cabana-bryan-2?hrid=y-_0fmm1CNcvNf2nAbVvtg&adjust_creative=2Slx3F97ZFV4IU3uImzXaw&utm_campaign=yelp_api_v3&utm_medium=api_v3_business_reviews&utm_source=2Slx3F97ZFV4IU3uImzXaw', u'text': u"No stars should be given!!! Haven't been here in a while\nand now I know why....employees rude, very small food portions for the price and food not what it...", u'user': {u'image_url': None, u'name': u'Just Me M.'}, u'time_created': u'2016-11-29 10:51:54', u'rating': 1}], u'total': 9}
{u'reviews': [{u'url': u'https://www.yelp.com/biz/subway-bryan-13?hrid=l3yP-IVlUqJuGS8YSGSBug&adjust_creative=2Slx3F97ZFV4IU3uImzXaw&utm_campaign=yelp_api_v3&utm_medium=api_v3_business_reviews&utm_source=2Slx3F97ZFV4IU3uImzXaw', u'text': u"Stopped in tonight to get food with my roommate and Skylar was the only person working. He was extremely kind and made sure our food was perfect. Didn't get...", u'user': {u'image_url': u'https://s3-media1.fl.yelpcdn.com/photo/Z8jXPdeojlSFpp9TgfxZBA/o.jpg', u'name': u'Megan B.'}, u'time_created': u'2017-09-06 20:54:11', u'rating': 5}, {u'url': u'https://www.yelp.com/biz/subway-bryan-13?hrid=FQpZQKR6bAxngbkhOpdjmA&adjust_creative=2Slx3F97ZFV4IU3uImzXaw&utm_campaign=yelp_api_v3&utm_medium=api_v3_business_reviews&utm_source=2Slx3F97ZFV4IU3uImzXaw', u'text': u"I don't normally think to leave reviews on fast food places, but this is honestly such a friendly and efficient staff and they deserve the recognition....", u'user': {u'image_url': u'https://s3-media4.fl.yelpcdn.com/photo/0ciXb2PRsYSNXcdnv1QvJA/o.jpg', u'name': u'Savannah S.'}, u'time_created': u'2016-11-11 11:02:36', u'rating': 5}, {u'url': u'https://www.yelp.com/biz/subway-bryan-13?hrid=k6mMvUu4kFrwtxil-B3qmA&adjust_creative=2Slx3F97ZFV4IU3uImzXaw&utm_campaign=yelp_api_v3&utm_medium=api_v3_business_reviews&utm_source=2Slx3F97ZFV4IU3uImzXaw', u'text': u"I know it's kind of strange to review a Subway... But this location deserves the recommendation. \n\nClean and friendly! They keep this place super clean and...", u'user': {u'image_url': u'https://s3-media2.fl.yelpcdn.com/photo/RFmpVopRLddvWcoUd8WEZA/o.jpg', u'name': u'Ben S.'}, u'time_created': u'2015-09-09 10:31:03', u'rating': 5}], u'total': 4}
{u'error': {u'code': u'BUSINESS_UNAVAILABLE', u'description': u'We may not be able to provide details for certain businesses, for example if they do not have any reviews yet.'}}
{u'reviews': [{u'url': u'https://www.yelp.com/biz/taqueria-romero-bryan?hrid=iiemDGFH1cUyWDbtprdJZg&adjust_creative=2Slx3F97ZFV4IU3uImzXaw&utm_campaign=yelp_api_v3&utm_medium=api_v3_business_reviews&utm_source=2Slx3F97ZFV4IU3uImzXaw', u'text': u'Ah so this place does exist.  Stopped by this afternoon and found quick and friendly service.  I believe out of the nearly 40 food trucks in Aggieland this...', u'user': {u'image_url': u'https://s3-media4.fl.yelpcdn.com/photo/ZCPKbFey3OF83MI8wPdNpg/o.jpg', u'name': u'Greg D.'}, u'time_created': u'2015-05-30 19:38:48', u'rating': 4}, {u'url': u'https://www.yelp.com/biz/taqueria-romero-bryan?hrid=1tcjVz19qtyX8iOgDS5YYQ&adjust_creative=2Slx3F97ZFV4IU3uImzXaw&utm_campaign=yelp_api_v3&utm_medium=api_v3_business_reviews&utm_source=2Slx3F97ZFV4IU3uImzXaw', u'text': u"Finally stopped by after passing it so many times. I'm really glad I did. I had a steak burrito. It was awesome. Ate it so fast I forgot to take a picture...", u'user': {u'image_url': u'https://s3-media2.fl.yelpcdn.com/photo/j2I3BYp0pNtXozfZoaCwtQ/o.jpg', u'name': u'Kerry T.'}, u'time_created': u'2015-07-29 17:41:32', u'rating': 5}, {u'url': u'https://www.yelp.com/biz/taqueria-romero-bryan?hrid=otkUASh-_CsFa3QWx4JW_w&adjust_creative=2Slx3F97ZFV4IU3uImzXaw&utm_campaign=yelp_api_v3&utm_medium=api_v3_business_reviews&utm_source=2Slx3F97ZFV4IU3uImzXaw', u'text': u'I discovered this place today, while driving on Rt. 21, and then saw the single review from Annatar B.\nI liked the tacos but not overly impressed with...', u'user': {u'image_url': u'https://s3-media4.fl.yelpcdn.com/photo/pts9jWoLXHKWMiNnOfTmYQ/o.jpg', u'name': u'StR I.'}, u'time_created': u'2015-05-26 12:39:04', u'rating': 3}], u'total': 3}
{u'reviews': [{u'url': u'https://www.yelp.com/biz/cafe-bistro-bryan?hrid=HXzNg4PYJ4fmShq3XTjEQA&adjust_creative=2Slx3F97ZFV4IU3uImzXaw&utm_campaign=yelp_api_v3&utm_medium=api_v3_business_reviews&utm_source=2Slx3F97ZFV4IU3uImzXaw', u'text': u'Mixed feelings about this restaurant inside Premier Cinema.  Used to eat here at least once a month if not more often, the burgers were not all that great...', u'user': {u'image_url': u'https://s3-media4.fl.yelpcdn.com/photo/ZCPKbFey3OF83MI8wPdNpg/o.jpg', u'name': u'Greg D.'}, u'time_created': u'2013-08-09 18:15:26', u'rating': 2}], u'total': 1}
{u'reviews': [{u'url': u'https://www.yelp.com/biz/amigos-taqueria-bryan?hrid=IFKJnRqV-YuCFBS1goVDPA&adjust_creative=2Slx3F97ZFV4IU3uImzXaw&utm_campaign=yelp_api_v3&utm_medium=api_v3_business_reviews&utm_source=2Slx3F97ZFV4IU3uImzXaw', u'text': u'Fantastic utterly first-rate taqueria I found while running an errand in Bryan. Amazing how you can find the best places at random without hearing or...', u'user': {u'image_url': u'https://s3-media1.fl.yelpcdn.com/photo/YDeW7uClkYULgV8gqlcJag/o.jpg', u'name': u'Imba K.'}, u'time_created': u'2017-05-08 10:25:29', u'rating': 4}, {u'url': u'https://www.yelp.com/biz/amigos-taqueria-bryan?hrid=cb3QWpl1thbU8xvKHoEv7Q&adjust_creative=2Slx3F97ZFV4IU3uImzXaw&utm_campaign=yelp_api_v3&utm_medium=api_v3_business_reviews&utm_source=2Slx3F97ZFV4IU3uImzXaw', u'text': u'When saying Adios to Amigos today I had nothing in hand but an iced cold Mexican Coke in a 1 liter glass bottle.   What I really wanted were some tacos....', u'user': {u'image_url': u'https://s3-media4.fl.yelpcdn.com/photo/ZCPKbFey3OF83MI8wPdNpg/o.jpg', u'name': u'Greg D.'}, u'time_created': u'2013-10-14 18:17:11', u'rating': 3}], u'total': 2}
{u'reviews': [{u'url': u'https://www.yelp.com/biz/la-michoacana-taqueria-bryan?hrid=xnJkJ4n2yE2iRWnbAzFeMg&adjust_creative=2Slx3F97ZFV4IU3uImzXaw&utm_campaign=yelp_api_v3&utm_medium=api_v3_business_reviews&utm_source=2Slx3F97ZFV4IU3uImzXaw', u'text': u"If you don't want to read a lot;  The 5 Star -Must Try- items for Latin American food lovers and Vegetarians are the scratch made Queso Pupusas!...", u'user': {u'image_url': u'https://s3-media4.fl.yelpcdn.com/photo/ZCPKbFey3OF83MI8wPdNpg/o.jpg', u'name': u'Greg D.'}, u'time_created': u'2013-11-17 20:04:42', u'rating': 4}, {u'url': u'https://www.yelp.com/biz/la-michoacana-taqueria-bryan?hrid=_q_JdaTLQearo4syJry-4w&adjust_creative=2Slx3F97ZFV4IU3uImzXaw&utm_campaign=yelp_api_v3&utm_medium=api_v3_business_reviews&utm_source=2Slx3F97ZFV4IU3uImzXaw', u'text': u'This place is hit,  or miss.  The food is sorta fresh,  and cooked correctly,  the only problem is the staff,  by that I mean the Mean ladies who are always...', u'user': {u'image_url': None, u'name': u'Daniel T.'}, u'time_created': u'2015-10-06 19:17:03', u'rating': 3}], u'total': 2}
{u'error': {u'code': u'BUSINESS_UNAVAILABLE', u'description': u'We may not be able to provide details for certain businesses, for example if they do not have any reviews yet.'}}
{u'reviews': [{u'url': u'https://www.yelp.com/biz/tienda-mi-ranchito-taqueria-bryan?hrid=EWhY0BiVRAb1o898PyIQSA&adjust_creative=2Slx3F97ZFV4IU3uImzXaw&utm_campaign=yelp_api_v3&utm_medium=api_v3_business_reviews&utm_source=2Slx3F97ZFV4IU3uImzXaw', u'text': u"It's a C-Store, family owned with a family owned and operated Taqueria inside.   Nice and comfy with large open seating, friendly staff.\n\nWe ate here two...", u'user': {u'image_url': u'https://s3-media4.fl.yelpcdn.com/photo/ZCPKbFey3OF83MI8wPdNpg/o.jpg', u'name': u'Greg D.'}, u'time_created': u'2010-05-16 23:21:08', u'rating': 4}], u'total': 1}
{u'error': {u'code': u'BUSINESS_UNAVAILABLE', u'description': u'We may not be able to provide details for certain businesses, for example if they do not have any reviews yet.'}}
{u'reviews': [{u'url': u'https://www.yelp.com/biz/wings-n-more-express-bryan-2?hrid=DRVAJACyY5irs9wckJoYSQ&adjust_creative=2Slx3F97ZFV4IU3uImzXaw&utm_campaign=yelp_api_v3&utm_medium=api_v3_business_reviews&utm_source=2Slx3F97ZFV4IU3uImzXaw', u'text': u'my first time here and i have to say, wings are great!  the blue cheese was even better!  this is an express location, about 15 or so tables, drive thru is...', u'user': {u'image_url': u'https://s3-media2.fl.yelpcdn.com/photo/grqCyvT19RAFlVERoVLgdA/o.jpg', u'name': u'Jodi C.'}, u'time_created': u'2017-07-11 18:12:44', u'rating': 4}, {u'url': u'https://www.yelp.com/biz/wings-n-more-express-bryan-2?hrid=wfQPo5i2TdWvclAXKuwC9g&adjust_creative=2Slx3F97ZFV4IU3uImzXaw&utm_campaign=yelp_api_v3&utm_medium=api_v3_business_reviews&utm_source=2Slx3F97ZFV4IU3uImzXaw', u'text': u"If you don't want to deal with the crowds of the College Station Wings's, this is a good option. It wasn't crowded at all on a Saturday night after a high...", u'user': {u'image_url': u'https://s3-media2.fl.yelpcdn.com/photo/yv7lSR0TFKVmChtfL2TCrA/o.jpg', u'name': u'Greg M.'}, u'time_created': u'2016-01-12 08:02:18', u'rating': 4}, {u'url': u'https://www.yelp.com/biz/wings-n-more-express-bryan-2?hrid=_8EEkUAMVGtAeCzjDXk7NQ&adjust_creative=2Slx3F97ZFV4IU3uImzXaw&utm_campaign=yelp_api_v3&utm_medium=api_v3_business_reviews&utm_source=2Slx3F97ZFV4IU3uImzXaw', u'text': u'Hey. Good wings and excellent chicken strips. No frills just good food. Not a big place. Fast.  The spicy bbq wings were great!!', u'user': {u'image_url': u'https://s3-media4.fl.yelpcdn.com/photo/W84x1LemS7Ix6DKmxvbvUw/o.jpg', u'name': u'Sam M.'}, u'time_created': u'2015-01-12 13:59:04', u'rating': 4}], u'total': 8}
{u'error': {u'code': u'BUSINESS_UNAVAILABLE', u'description': u'We may not be able to provide details for certain businesses, for example if they do not have any reviews yet.'}}
{u'error': {u'code': u'BUSINESS_UNAVAILABLE', u'description': u'We may not be able to provide details for certain businesses, for example if they do not have any reviews yet.'}}
{u'reviews': [{u'url': u'https://www.yelp.com/biz/red-lobster-bryan?hrid=M5Re51_TiZ_aLV7NJYdjvQ&adjust_creative=2Slx3F97ZFV4IU3uImzXaw&utm_campaign=yelp_api_v3&utm_medium=api_v3_business_reviews&utm_source=2Slx3F97ZFV4IU3uImzXaw', u'text': u'This was my first time ever to a Red Lobster, and my low expectations going in were not met. I ordered the 4 course meal. My caesar salad and lobster bisque...', u'user': {u'image_url': u'https://s3-media2.fl.yelpcdn.com/photo/eqcJzS912hw3qCI_n5eO7Q/o.jpg', u'name': u'Abby A.'}, u'time_created': u'2017-01-02 14:29:28', u'rating': 1}], u'total': 1}
{u'reviews': [{u'url': u'https://www.yelp.com/biz/mcdonalds-bryan-3?hrid=iZNP2pAuhKgdU3ijBL0dbA&adjust_creative=2Slx3F97ZFV4IU3uImzXaw&utm_campaign=yelp_api_v3&utm_medium=api_v3_business_reviews&utm_source=2Slx3F97ZFV4IU3uImzXaw', u'text': u'Okay come on now people, who is willing to admit that they were not at least interested in the new Fish McBites made from the same fish "Pollock" that is...', u'user': {u'image_url': u'https://s3-media4.fl.yelpcdn.com/photo/ZCPKbFey3OF83MI8wPdNpg/o.jpg', u'name': u'Greg D.'}, u'time_created': u'2013-03-05 19:23:02', u'rating': 1}], u'total': 1}
{u'reviews': [{u'url': u'https://www.yelp.com/biz/taqueria-esmeraldas-bryan?hrid=MXVgyAvWpuV3OLuGuC_nNg&adjust_creative=2Slx3F97ZFV4IU3uImzXaw&utm_campaign=yelp_api_v3&utm_medium=api_v3_business_reviews&utm_source=2Slx3F97ZFV4IU3uImzXaw', u'text': u"This used to be Bellon's Kung Pao Express and before it something called Krispy Krunchy Chicken.\n\nWeird taqueria in a vaguely unpleasant c-store, where you...", u'user': {u'image_url': u'https://s3-media1.fl.yelpcdn.com/photo/YDeW7uClkYULgV8gqlcJag/o.jpg', u'name': u'Imba K.'}, u'time_created': u'2016-08-27 11:13:34', u'rating': 3}], u'total': 1}
{u'reviews': [{u'url': u'https://www.yelp.com/biz/el-pollo-caliente-bryan?hrid=uOZTVBVdS0hYAg6iqCZMDA&adjust_creative=2Slx3F97ZFV4IU3uImzXaw&utm_campaign=yelp_api_v3&utm_medium=api_v3_business_reviews&utm_source=2Slx3F97ZFV4IU3uImzXaw', u'text': u'Speaking of Mexican Chicken, El Pollo Caliente (means the hot chicken) is/was(?) a mobile food stand vendor that can be found in the parking lot connected...', u'user': {u'image_url': u'https://s3-media4.fl.yelpcdn.com/photo/ZCPKbFey3OF83MI8wPdNpg/o.jpg', u'name': u'Greg D.'}, u'time_created': u'2013-03-03 10:44:05', u'rating': 4}], u'total': 1}
{u'reviews': [{u'url': u'https://www.yelp.com/biz/popeyes-louisiana-kitchen-bryan-3?hrid=k01ny_rZkjBXiB2TXsHkuw&adjust_creative=2Slx3F97ZFV4IU3uImzXaw&utm_campaign=yelp_api_v3&utm_medium=api_v3_business_reviews&utm_source=2Slx3F97ZFV4IU3uImzXaw', u'text': u'As far as fried chicken goes this location serves fresh and tasty chicken. I had a coupon for a 3 piece and biscuit and was served on a timely and friendly...', u'user': {u'image_url': u'https://s3-media3.fl.yelpcdn.com/photo/NMvS_niQHor0zE6grXpb5w/o.jpg', u'name': u'Lili C.'}, u'time_created': u'2016-07-08 18:27:28', u'rating': 4}, {u'url': u'https://www.yelp.com/biz/popeyes-louisiana-kitchen-bryan-3?hrid=KNPKVyE4k5sassWmAlMZrA&adjust_creative=2Slx3F97ZFV4IU3uImzXaw&utm_campaign=yelp_api_v3&utm_medium=api_v3_business_reviews&utm_source=2Slx3F97ZFV4IU3uImzXaw', u'text': u"How are your hours going to say you close at 10, and you're already cleaning up and not making food anymore at 9:30? Close this one and bring back the one...", u'user': {u'image_url': u'https://s3-media4.fl.yelpcdn.com/photo/ttbKS72rF_iOikWDyiZXkw/o.jpg', u'name': u'Dimitri K.'}, u'time_created': u'2014-11-01 11:11:26', u'rating': 1}, {u'url': u'https://www.yelp.com/biz/popeyes-louisiana-kitchen-bryan-3?hrid=IEWIbl81CzOmE8ywgwGVkw&adjust_creative=2Slx3F97ZFV4IU3uImzXaw&utm_campaign=yelp_api_v3&utm_medium=api_v3_business_reviews&utm_source=2Slx3F97ZFV4IU3uImzXaw', u'text': u'I have tried to get their shrimp several times, however every time i go to Popeyes, there are out of the jumbo and regular shrimp. I have gone there and...', u'user': {u'image_url': u'https://s3-media4.fl.yelpcdn.com/photo/epuPtYNF87tgXbZ1CQc9qw/o.jpg', u'name': u'Patricia F.'}, u'time_created': u'2014-12-04 12:40:05', u'rating': 1}], u'total': 4}
{u'reviews': [{u'url': u'https://www.yelp.com/biz/little-caesars-pizza-bryan-2?hrid=waK_p1GdNLOeXAX7GL5PXg&adjust_creative=2Slx3F97ZFV4IU3uImzXaw&utm_campaign=yelp_api_v3&utm_medium=api_v3_business_reviews&utm_source=2Slx3F97ZFV4IU3uImzXaw', u'text': u"The girl was so high she looked at us stupid, and asked muiltiple times what we were wanting.\nShe was clueless. And who sells wings and doesn't have a...", u'user': {u'image_url': u'https://s3-media1.fl.yelpcdn.com/photo/1vd1eOuoZviVyJ8fCF7kpg/o.jpg', u'name': u'Misty G.'}, u'time_created': u'2017-05-22 15:14:33', u'rating': 1}, {u'url': u'https://www.yelp.com/biz/little-caesars-pizza-bryan-2?hrid=LRXiQnCyIaHJr5lthdrseQ&adjust_creative=2Slx3F97ZFV4IU3uImzXaw&utm_campaign=yelp_api_v3&utm_medium=api_v3_business_reviews&utm_source=2Slx3F97ZFV4IU3uImzXaw', u'text': u"Unlike Greg, I don't pretend to be some fancy reviewer who concerns himself with where they get their food supply from. I don't think I'm better than most...", u'user': {u'image_url': u'https://s3-media2.fl.yelpcdn.com/photo/E7mEe6Toi_W_tGsvJil4UQ/o.jpg', u'name': u'Rich J.'}, u'time_created': u'2016-02-07 00:51:06', u'rating': 5}, {u'url': u'https://www.yelp.com/biz/little-caesars-pizza-bryan-2?hrid=6KmEYiRdn3WqNivDKerABQ&adjust_creative=2Slx3F97ZFV4IU3uImzXaw&utm_campaign=yelp_api_v3&utm_medium=api_v3_business_reviews&utm_source=2Slx3F97ZFV4IU3uImzXaw', u'text': u"Was surprised to see a new Little Caesars open up in the UPS store building so picked up a $5 carry out.   Ah darn.   I forgot why I won't do $5 carry outs...", u'user': {u'image_url': u'https://s3-media4.fl.yelpcdn.com/photo/ZCPKbFey3OF83MI8wPdNpg/o.jpg', u'name': u'Greg D.'}, u'time_created': u'2012-03-08 19:39:34', u'rating': 2}], u'total': 4}
{u'reviews': [{u'url': u'https://www.yelp.com/biz/hillcrest-grocery-taqueria-bryan?hrid=jCt24k5YV1kGO-p0LM3hog&adjust_creative=2Slx3F97ZFV4IU3uImzXaw&utm_campaign=yelp_api_v3&utm_medium=api_v3_business_reviews&utm_source=2Slx3F97ZFV4IU3uImzXaw', u'text': u"In my opinion, the best tacos in Bryan.  A good selection...and a homemade hot sauce that's  very addictive. They also have other food...Crispy Crunchy...", u'user': {u'image_url': u'https://s3-media4.fl.yelpcdn.com/photo/J19eqZchCar73nigUuaNpg/o.jpg', u'name': u'Bruce J.'}, u'time_created': u'2017-05-02 13:15:13', u'rating': 5}], u'total': 1}
{u'reviews': [{u'url': u'https://www.yelp.com/biz/taqueria-regiomontana-bryan-2?hrid=1jzX9MJ_8QlQocnFJ7ODxQ&adjust_creative=2Slx3F97ZFV4IU3uImzXaw&utm_campaign=yelp_api_v3&utm_medium=api_v3_business_reviews&utm_source=2Slx3F97ZFV4IU3uImzXaw', u'text': u'When visiting the exact same Taqueria Regiomontana trailer just down the street in the Hillcrest Grocery store parking lot this past summer, according to my...', u'user': {u'image_url': u'https://s3-media4.fl.yelpcdn.com/photo/ZCPKbFey3OF83MI8wPdNpg/o.jpg', u'name': u'Greg D.'}, u'time_created': u'2010-01-25 07:16:21', u'rating': 1}], u'total': 1}
{u'reviews': [{u'url': u'https://www.yelp.com/biz/jack-in-the-box-bryan-2?hrid=BMrbtflxr_2snwJssYWp9g&adjust_creative=2Slx3F97ZFV4IU3uImzXaw&utm_campaign=yelp_api_v3&utm_medium=api_v3_business_reviews&utm_source=2Slx3F97ZFV4IU3uImzXaw', u'text': u'If I could give a zero I would. The service was pretty appalling. And I guess I should have gone with my gut.\nNo body was in the parking lot or even in the...', u'user': {u'image_url': u'https://s3-media3.fl.yelpcdn.com/photo/jCkYGQOBqw0R9jw7VSqmAw/o.jpg', u'name': u'Rigel C.'}, u'time_created': u'2016-09-09 03:11:06', u'rating': 1}, {u'url': u'https://www.yelp.com/biz/jack-in-the-box-bryan-2?hrid=K1MiXVdd2cl3OfhNNgmSpA&adjust_creative=2Slx3F97ZFV4IU3uImzXaw&utm_campaign=yelp_api_v3&utm_medium=api_v3_business_reviews&utm_source=2Slx3F97ZFV4IU3uImzXaw', u'text': u"I only go here when it's late, the line at Whataburger is too long, and I don't feel like driving anywhere else. The service is usually unimpressive at...", u'user': {u'image_url': u'https://s3-media3.fl.yelpcdn.com/photo/yiuTFk2F36qF5mBJfcEhGA/o.jpg', u'name': u'Grayson T.'}, u'time_created': u'2016-06-20 16:58:36', u'rating': 1}, {u'url': u'https://www.yelp.com/biz/jack-in-the-box-bryan-2?hrid=-N_8TdCTOwOBME1Y7h848g&adjust_creative=2Slx3F97ZFV4IU3uImzXaw&utm_campaign=yelp_api_v3&utm_medium=api_v3_business_reviews&utm_source=2Slx3F97ZFV4IU3uImzXaw', u'text': u'Here they always confuse my order. Besides it suppose to be a fast food place but it is not fast at all. \nDo not recommend.', u'user': {u'image_url': u'https://s3-media3.fl.yelpcdn.com/photo/n5WLHgbSdtyTXcwkrzaj9A/o.jpg', u'name': u'Arturo R.'}, u'time_created': u'2016-03-12 16:21:24', u'rating': 1}], u'total': 6}
{u'error': {u'code': u'BUSINESS_UNAVAILABLE', u'description': u'We may not be able to provide details for certain businesses, for example if they do not have any reviews yet.'}}
{u'error': {u'code': u'BUSINESS_UNAVAILABLE', u'description': u'We may not be able to provide details for certain businesses, for example if they do not have any reviews yet.'}}
{u'reviews': [{u'url': u'https://www.yelp.com/biz/taqueria-las-mexicanas-truck-bryan?hrid=S7Ed1hgfHQ8HXjoQhTBHAw&adjust_creative=2Slx3F97ZFV4IU3uImzXaw&utm_campaign=yelp_api_v3&utm_medium=api_v3_business_reviews&utm_source=2Slx3F97ZFV4IU3uImzXaw', u'text': u"Awesome food! Certain meats (chicken, for example) sell out quickly but it doesn't matter much because the other options are all great! Tacos and...", u'user': {u'image_url': u'https://s3-media1.fl.yelpcdn.com/photo/RQ0tIgrv_XujnXESSRwhOw/o.jpg', u'name': u'Joshua F.'}, u'time_created': u'2016-12-17 12:39:22', u'rating': 5}, {u'url': u'https://www.yelp.com/biz/taqueria-las-mexicanas-truck-bryan?hrid=eFVviWFySx6nI-mBGu9NVA&adjust_creative=2Slx3F97ZFV4IU3uImzXaw&utm_campaign=yelp_api_v3&utm_medium=api_v3_business_reviews&utm_source=2Slx3F97ZFV4IU3uImzXaw', u'text': u"Who knew that our -favorite- Taqueria in Brazos Valley also had a food truck?  Apparently they have had it for two years and it's in the Ready 2 Go parking...", u'user': {u'image_url': u'https://s3-media4.fl.yelpcdn.com/photo/ZCPKbFey3OF83MI8wPdNpg/o.jpg', u'name': u'Greg D.'}, u'time_created': u'2011-05-06 21:18:39', u'rating': 5}], u'total': 2}
{u'reviews': [{u'url': u'https://www.yelp.com/biz/subway-bryan-7?hrid=Rtu9CcryGUP0KQwnoOQJYQ&adjust_creative=2Slx3F97ZFV4IU3uImzXaw&utm_campaign=yelp_api_v3&utm_medium=api_v3_business_reviews&utm_source=2Slx3F97ZFV4IU3uImzXaw', u'text': u'Food is just the same as any other Subway, a sandwich longer than compensating for width, girth weight or ingredients (The Five Dalla Foot Loong!), yet it...', u'user': {u'image_url': u'https://s3-media4.fl.yelpcdn.com/photo/ZCPKbFey3OF83MI8wPdNpg/o.jpg', u'name': u'Greg D.'}, u'time_created': u'2013-10-21 13:38:34', u'rating': 3}], u'total': 1}
{u'error': {u'code': u'BUSINESS_UNAVAILABLE', u'description': u'We may not be able to provide details for certain businesses, for example if they do not have any reviews yet.'}}
{u'reviews': [{u'url': u'https://www.yelp.com/biz/la-jefa-taqueria-bryan?hrid=ueVGham81EtgqPYAlBpveQ&adjust_creative=2Slx3F97ZFV4IU3uImzXaw&utm_campaign=yelp_api_v3&utm_medium=api_v3_business_reviews&utm_source=2Slx3F97ZFV4IU3uImzXaw', u'text': u'Well, the third time was a charm, finally being able to eat here.  Went by Saturday only to learn it closed at 2 pm.   (Should have made note of the hours...', u'user': {u'image_url': u'https://s3-media4.fl.yelpcdn.com/photo/ZCPKbFey3OF83MI8wPdNpg/o.jpg', u'name': u'Greg D.'}, u'time_created': u'2013-10-14 15:39:29', u'rating': 3}], u'total': 1}
{u'reviews': [{u'url': u'https://www.yelp.com/biz/mcdonalds-bryan?hrid=CRclbzuJ8IJm8XnLkB1XQg&adjust_creative=2Slx3F97ZFV4IU3uImzXaw&utm_campaign=yelp_api_v3&utm_medium=api_v3_business_reviews&utm_source=2Slx3F97ZFV4IU3uImzXaw', u'text': u"This location recently got new owners who live in the area, and there's definitely an evident change in the way things are running here.", u'user': {u'image_url': u'https://s3-media3.fl.yelpcdn.com/photo/1dWjuBeNaZWA1tos9XL1fA/o.jpg', u'name': u'Rose Z.'}, u'time_created': u'2017-02-02 08:59:56', u'rating': 5}, {u'url': u'https://www.yelp.com/biz/mcdonalds-bryan?hrid=2ZIIT7W3OEsLvHNdJWSv9A&adjust_creative=2Slx3F97ZFV4IU3uImzXaw&utm_campaign=yelp_api_v3&utm_medium=api_v3_business_reviews&utm_source=2Slx3F97ZFV4IU3uImzXaw', u'text': u"Because Ashley's Soft serve ice cream thread gave me a hankering for soft serve, I went to this McDonald's for the first time.  \n\nI walked in to see 3...", u'user': {u'image_url': u'https://s3-media4.fl.yelpcdn.com/photo/-E-jJDdWLTV9wes3m0WFrQ/o.jpg', u'name': u'Ba L.'}, u'time_created': u'2008-11-09 10:54:37', u'rating': 1}], u'total': 2}
{u'reviews': [{u'url': u'https://www.yelp.com/biz/el-cowboy-taco-ntento-bryan?hrid=GOLVcRQJpXmVcfMUF789jA&adjust_creative=2Slx3F97ZFV4IU3uImzXaw&utm_campaign=yelp_api_v3&utm_medium=api_v3_business_reviews&utm_source=2Slx3F97ZFV4IU3uImzXaw', u'text': u"Bryan, we have a new taqueria.  Noticed this place today when headed to Shannon's for lunch.  Bummer to see the demise of L&L, especially why it closed, but...", u'user': {u'image_url': u'https://s3-media4.fl.yelpcdn.com/photo/ZCPKbFey3OF83MI8wPdNpg/o.jpg', u'name': u'Greg D.'}, u'time_created': u'2014-03-08 18:45:05', u'rating': 5}], u'total': 1}
{u'reviews': [{u'url': u'https://www.yelp.com/biz/wendys-bryan?hrid=mbh6UWqKWtZC0nvQJwjrJA&adjust_creative=2Slx3F97ZFV4IU3uImzXaw&utm_campaign=yelp_api_v3&utm_medium=api_v3_business_reviews&utm_source=2Slx3F97ZFV4IU3uImzXaw', u'text': u"Every so often I get a hankerin for the Asiago chicken sandwich and chocolate frosty from Wendy's and I typically go to the Wendy's in College Station but...", u'user': {u'image_url': None, u'name': u'Christine R.'}, u'time_created': u'2016-12-29 12:06:25', u'rating': 1}, {u'url': u'https://www.yelp.com/biz/wendys-bryan?hrid=9WCoPU3aUk_6MPJLvShNhQ&adjust_creative=2Slx3F97ZFV4IU3uImzXaw&utm_campaign=yelp_api_v3&utm_medium=api_v3_business_reviews&utm_source=2Slx3F97ZFV4IU3uImzXaw', u'text': u'Rude and ghetto!!  We asked if they had potatoes when we went through the drive through tonight.  The manager came on the speaker and said "hi im the...', u'user': {u'image_url': u'https://s3-media3.fl.yelpcdn.com/photo/akRjPvMKUpY-Cpm5wRuFtw/o.jpg', u'name': u'Amy R.'}, u'time_created': u'2016-11-03 18:02:43', u'rating': 1}, {u'url': u'https://www.yelp.com/biz/wendys-bryan?hrid=_wOZYhChAC6i0iHW9jdDWA&adjust_creative=2Slx3F97ZFV4IU3uImzXaw&utm_campaign=yelp_api_v3&utm_medium=api_v3_business_reviews&utm_source=2Slx3F97ZFV4IU3uImzXaw', u'text': u'Went got the baconator today was totally disappointed. The picture shows bacon hanging out over the meat and outside the bun. Well that is not what mine...', u'user': {u'image_url': None, u'name': u'ALLAN G.'}, u'time_created': u'2016-09-10 17:51:42', u'rating': 1}], u'total': 4}
{u'reviews': [{u'url': u'https://www.yelp.com/biz/burger-king-bryan-3?hrid=lJKfyN9p_g_oF0gTKL4nAQ&adjust_creative=2Slx3F97ZFV4IU3uImzXaw&utm_campaign=yelp_api_v3&utm_medium=api_v3_business_reviews&utm_source=2Slx3F97ZFV4IU3uImzXaw', u'text': u"Haven't been to Burger King in years. Accidentally passed McDonald's, just needed a quick road snack. People were rude, which is fine because it's fast...", u'user': {u'image_url': u'https://s3-media3.fl.yelpcdn.com/photo/Y51mIveoiZ5ZeewTFv0_DQ/o.jpg', u'name': u'Miranda L.'}, u'time_created': u'2016-06-03 16:08:56', u'rating': 1}, {u'url': u'https://www.yelp.com/biz/burger-king-bryan-3?hrid=bOmLXi9mtkw9Mf4mhZrxfg&adjust_creative=2Slx3F97ZFV4IU3uImzXaw&utm_campaign=yelp_api_v3&utm_medium=api_v3_business_reviews&utm_source=2Slx3F97ZFV4IU3uImzXaw', u'text': u'Being a Whopper lover and having one at least once a month, I was surprised to find this new Burger King.   The Hiway 6 exit sign at 21 now shows a Burger...', u'user': {u'image_url': u'https://s3-media4.fl.yelpcdn.com/photo/ZCPKbFey3OF83MI8wPdNpg/o.jpg', u'name': u'Greg D.'}, u'time_created': u'2009-09-15 21:17:30', u'rating': 3}], u'total': 2}
{u'error': {u'code': u'BUSINESS_UNAVAILABLE', u'description': u'We may not be able to provide details for certain businesses, for example if they do not have any reviews yet.'}}
{u'error': {u'code': u'BUSINESS_UNAVAILABLE', u'description': u'We may not be able to provide details for certain businesses, for example if they do not have any reviews yet.'}}
{u'error': {u'code': u'BUSINESS_UNAVAILABLE', u'description': u'We may not be able to provide details for certain businesses, for example if they do not have any reviews yet.'}}
{u'reviews': [{u'url': u'https://www.yelp.com/biz/sonic-drive-in-bryan?hrid=uqDUJfCFa79wbvuqWT_Gcw&adjust_creative=2Slx3F97ZFV4IU3uImzXaw&utm_campaign=yelp_api_v3&utm_medium=api_v3_business_reviews&utm_source=2Slx3F97ZFV4IU3uImzXaw', u'text': u'Poor customer service! My wife and I sat at our stall for over 5 minutes while the employees hung around outside with their friends. They knew we were...', u'user': {u'image_url': u'https://s3-media4.fl.yelpcdn.com/photo/_LhLUq5s3WUBcd4nDs9mCQ/o.jpg', u'name': u'Angel S.'}, u'time_created': u'2017-02-06 17:27:56', u'rating': 1}, {u'url': u'https://www.yelp.com/biz/sonic-drive-in-bryan?hrid=4QCvucBtO42HUPSuhMQ0fg&adjust_creative=2Slx3F97ZFV4IU3uImzXaw&utm_campaign=yelp_api_v3&utm_medium=api_v3_business_reviews&utm_source=2Slx3F97ZFV4IU3uImzXaw', u'text': u"Never ever come through here!!!  Waited and the stupid speaker for my order to be taken... They never asked. Finally drove up to the window, and there's 6...", u'user': {u'image_url': u'https://s3-media2.fl.yelpcdn.com/photo/SD-3v2PfbeishFGR-3vVmA/o.jpg', u'name': u'SukiLeiRu M.'}, u'time_created': u'2016-06-19 15:13:57', u'rating': 1}, {u'url': u'https://www.yelp.com/biz/sonic-drive-in-bryan?hrid=IwAudH9cpHxVKxQyezuDBA&adjust_creative=2Slx3F97ZFV4IU3uImzXaw&utm_campaign=yelp_api_v3&utm_medium=api_v3_business_reviews&utm_source=2Slx3F97ZFV4IU3uImzXaw', u'text': u"I hate this Sonic, but it is so close to my house.  I go here every 6-36 months when I'm in dire need of a burger and fries.  It takes about 6 months for me...", u'user': {u'image_url': u'https://s3-media4.fl.yelpcdn.com/photo/-E-jJDdWLTV9wes3m0WFrQ/o.jpg', u'name': u'Ba L.'}, u'time_created': u'2008-11-09 10:44:15', u'rating': 1}], u'total': 3}
{u'reviews': [{u'url': u'https://www.yelp.com/biz/seafood-house-bryan?hrid=-OgXC9BKkdy4Jv02T3DWlQ&adjust_creative=2Slx3F97ZFV4IU3uImzXaw&utm_campaign=yelp_api_v3&utm_medium=api_v3_business_reviews&utm_source=2Slx3F97ZFV4IU3uImzXaw', u'text': u'This is a small seafood restaurant on San Jacinto, Which IS Hwy 21 through part of northwest Bryan. They have a slogan on the sign which reads "You Buy We...', u'user': {u'image_url': u'https://s3-media3.fl.yelpcdn.com/photo/d5OUJHmeee5XMNY1yY1Vtw/o.jpg', u'name': u'ed y.'}, u'time_created': u'2009-04-30 06:08:06', u'rating': 2}], u'total': 1}
{u'reviews': [{u'url': u'https://www.yelp.com/biz/seafood-house-bryan?hrid=-OgXC9BKkdy4Jv02T3DWlQ&adjust_creative=2Slx3F97ZFV4IU3uImzXaw&utm_campaign=yelp_api_v3&utm_medium=api_v3_business_reviews&utm_source=2Slx3F97ZFV4IU3uImzXaw', u'text': u'This is a small seafood restaurant on San Jacinto, Which IS Hwy 21 through part of northwest Bryan. They have a slogan on the sign which reads "You Buy We...', u'user': {u'image_url': u'https://s3-media3.fl.yelpcdn.com/photo/d5OUJHmeee5XMNY1yY1Vtw/o.jpg', u'name': u'ed y.'}, u'time_created': u'2009-04-30 06:08:06', u'rating': 2}], u'total': 1}
{u'error': {u'code': u'BUSINESS_UNAVAILABLE', u'description': u'We may not be able to provide details for certain businesses, for example if they do not have any reviews yet.'}}
{u'error': {u'code': u'BUSINESS_UNAVAILABLE', u'description': u'We may not be able to provide details for certain businesses, for example if they do not have any reviews yet.'}}
{u'error': {u'code': u'BUSINESS_UNAVAILABLE', u'description': u'We may not be able to provide details for certain businesses, for example if they do not have any reviews yet.'}}
{u'reviews': [{u'url': u'https://www.yelp.com/biz/taqueria-mexico-bryan-2?hrid=RhG2YirId6e8nU27iTqTPg&adjust_creative=2Slx3F97ZFV4IU3uImzXaw&utm_campaign=yelp_api_v3&utm_medium=api_v3_business_reviews&utm_source=2Slx3F97ZFV4IU3uImzXaw', u'text': u"This has gone out of business.  \n\nThe entire building and fences have been repainted in some extremely bright colors and there's a new sign of a new...", u'user': {u'image_url': u'https://s3-media4.fl.yelpcdn.com/photo/ZCPKbFey3OF83MI8wPdNpg/o.jpg', u'name': u'Greg D.'}, u'time_created': u'2014-05-15 19:19:29', u'rating': 1}, {u'url': u'https://www.yelp.com/biz/taqueria-mexico-bryan-2?hrid=oGS60_1Xg9nIukz7AnCeyw&adjust_creative=2Slx3F97ZFV4IU3uImzXaw&utm_campaign=yelp_api_v3&utm_medium=api_v3_business_reviews&utm_source=2Slx3F97ZFV4IU3uImzXaw', u'text': u'Changed ownership. I ate here once a week under the old owners to the point they would put in my order and I knew it would be 5.40 each time. Used to be my...', u'user': {u'image_url': None, u'name': u'Caleb C.'}, u'time_created': u'2012-01-21 11:08:32', u'rating': 2}, {u'url': u'https://www.yelp.com/biz/taqueria-mexico-bryan-2?hrid=IDIe0VZdqnIQTNxoo-uIaQ&adjust_creative=2Slx3F97ZFV4IU3uImzXaw&utm_campaign=yelp_api_v3&utm_medium=api_v3_business_reviews&utm_source=2Slx3F97ZFV4IU3uImzXaw', u'text': u'There seems to be some confusion with this location. Yelp has a listing with the name Taqueria Mexico at the wrong address & phone #. This may be because...', u'user': {u'image_url': u'https://s3-media3.fl.yelpcdn.com/photo/d5OUJHmeee5XMNY1yY1Vtw/o.jpg', u'name': u'ed y.'}, u'time_created': u'2009-02-25 01:36:06', u'rating': 5}], u'total': 3}
{u'reviews': [{u'url': u'https://www.yelp.com/biz/dairy-queen-bryan-5?hrid=Jwy7-YPk_pcrIQr_5PCmfg&adjust_creative=2Slx3F97ZFV4IU3uImzXaw&utm_campaign=yelp_api_v3&utm_medium=api_v3_business_reviews&utm_source=2Slx3F97ZFV4IU3uImzXaw', u'text': u"The hamburgers were great. I also ordered a banana split for my son and it's nothing compared to the picture they advertise. I asked the lady to charge me...", u'user': {u'image_url': None, u'name': u'Gerardo G.'}, u'time_created': u'2017-06-07 12:22:50', u'rating': 1}, {u'url': u'https://www.yelp.com/biz/dairy-queen-bryan-5?hrid=trvi0ucpAtsRkwZHbW5wZg&adjust_creative=2Slx3F97ZFV4IU3uImzXaw&utm_campaign=yelp_api_v3&utm_medium=api_v3_business_reviews&utm_source=2Slx3F97ZFV4IU3uImzXaw', u'text': u'This DQ has decent service. The chicken fingers are ALWAYS fresh. You have to wait a few minutes usually but it is definitely worth it.', u'user': {u'image_url': u'https://s3-media1.fl.yelpcdn.com/photo/bEPhGKiQkwddiJXdncx29Q/o.jpg', u'name': u'Ashlei B.'}, u'time_created': u'2015-03-25 16:25:12', u'rating': 5}, {u'url': u'https://www.yelp.com/biz/dairy-queen-bryan-5?hrid=JvOCQ5tV4NtaP6-PCpqAHA&adjust_creative=2Slx3F97ZFV4IU3uImzXaw&utm_campaign=yelp_api_v3&utm_medium=api_v3_business_reviews&utm_source=2Slx3F97ZFV4IU3uImzXaw', u'text': u'They are lucky I am giving them a star. They messed up my dipped cone and instead of making me a new they redipped it into the chocolate. Then I order a...', u'user': {u'image_url': None, u'name': u'Race G.'}, u'time_created': u'2014-08-29 16:58:54', u'rating': 1}], u'total': 3}
{u'reviews': [{u'url': u'https://www.yelp.com/biz/taqueria-el-nopalito-bryan?hrid=OM-GYoBI4aiVVAX_7JF7jw&adjust_creative=2Slx3F97ZFV4IU3uImzXaw&utm_campaign=yelp_api_v3&utm_medium=api_v3_business_reviews&utm_source=2Slx3F97ZFV4IU3uImzXaw', u'text': u"They have the best Mexican street food I've had at College Station by far! It's also very decently priced. We tried the ground beef tacos which can fit the...", u'user': {u'image_url': u'https://s3-media1.fl.yelpcdn.com/photo/tG5LVr51qpD6APPH9JquoA/o.jpg', u'name': u'Jasmine Y.'}, u'time_created': u'2017-02-27 11:35:37', u'rating': 5}, {u'url': u'https://www.yelp.com/biz/taqueria-el-nopalito-bryan?hrid=p6uJcGGXV77EE57Kn7nL0g&adjust_creative=2Slx3F97ZFV4IU3uImzXaw&utm_campaign=yelp_api_v3&utm_medium=api_v3_business_reviews&utm_source=2Slx3F97ZFV4IU3uImzXaw', u'text': u'Great food, great prices! I love the simplicity of their menu. They have tortas, gorditas, tacos, quesadillas and you choose your preferred meat. They also...', u'user': {u'image_url': u'https://s3-media3.fl.yelpcdn.com/photo/NMvS_niQHor0zE6grXpb5w/o.jpg', u'name': u'Lili C.'}, u'time_created': u'2017-04-18 21:29:46', u'rating': 5}, {u'url': u'https://www.yelp.com/biz/taqueria-el-nopalito-bryan?hrid=SZDT8ZHOIgdhFEH2vxsECQ&adjust_creative=2Slx3F97ZFV4IU3uImzXaw&utm_campaign=yelp_api_v3&utm_medium=api_v3_business_reviews&utm_source=2Slx3F97ZFV4IU3uImzXaw', u'text': u'Located in Bryan just off main street on MLK tacos are good wish they offered at least 2 types of salsa red or green. The juice place behind it makes for a...', u'user': {u'image_url': u'https://s3-media4.fl.yelpcdn.com/photo/iTZjZzhMLpSmH2G6jFZ3kg/o.jpg', u'name': u'TigerLily M.'}, u'time_created': u'2017-05-31 21:24:48', u'rating': 4}], u'total': 10}
{u'reviews': [{u'url': u'https://www.yelp.com/biz/bubbas-bar-and-bbq-bryan?hrid=TJrqC7prELMpkOfPu27rBQ&adjust_creative=2Slx3F97ZFV4IU3uImzXaw&utm_campaign=yelp_api_v3&utm_medium=api_v3_business_reviews&utm_source=2Slx3F97ZFV4IU3uImzXaw', u'text': u"It's.a hole in the wall but they have some great ribs.   It's called something else now though.  Miss Helen's Cafe or something.   Nice people and good food.", u'user': {u'image_url': u'https://s3-media1.fl.yelpcdn.com/photo/ZmwBnCC2Ap0OVdAoYANZSA/o.jpg', u'name': u'John D.'}, u'time_created': u'2017-01-14 13:29:42', u'rating': 5}], u'total': 1}
{u'reviews': [{u'url': u'https://www.yelp.com/biz/churchs-chicken-bryan-2?hrid=UhzLQrPfQ79Jw3rbXWMDFw&adjust_creative=2Slx3F97ZFV4IU3uImzXaw&utm_campaign=yelp_api_v3&utm_medium=api_v3_business_reviews&utm_source=2Slx3F97ZFV4IU3uImzXaw', u'text': u"We came here for a late dinner and although I didn't order/eat anything my friends did. They got the fried chicken, honey butter biscuits, and fried...", u'user': {u'image_url': u'https://s3-media2.fl.yelpcdn.com/photo/EEnaKqclgZDlQ8aTODhE8A/o.jpg', u'name': u'Kacy M.'}, u'time_created': u'2016-11-20 17:09:25', u'rating': 3}, {u'url': u'https://www.yelp.com/biz/churchs-chicken-bryan-2?hrid=wBXJi1tjY-SOwd0nZM5j4Q&adjust_creative=2Slx3F97ZFV4IU3uImzXaw&utm_campaign=yelp_api_v3&utm_medium=api_v3_business_reviews&utm_source=2Slx3F97ZFV4IU3uImzXaw', u'text': u'Literally the slowest drive thru food I have ever experienced in my life on multiple occasions. If going through the drive-thru prepare to wait greater than...', u'user': {u'image_url': u'https://s3-media4.fl.yelpcdn.com/photo/crJXtXjbhxFt5XzJequ_lw/o.jpg', u'name': u'John W.'}, u'time_created': u'2017-04-01 13:17:13', u'rating': 1}], u'total': 2}
{u'reviews': [{u'url': u'https://www.yelp.com/biz/dairy-queen-bryan-4?hrid=7X81OKzQ0TLJQ6IgP9LygA&adjust_creative=2Slx3F97ZFV4IU3uImzXaw&utm_campaign=yelp_api_v3&utm_medium=api_v3_business_reviews&utm_source=2Slx3F97ZFV4IU3uImzXaw', u'text': u'Soggy fries and paper thin buffalo chicken wrap. The wrap was a little bigger than the size of my hand and was mostly cheese. The taste was not good either', u'user': {u'image_url': u'https://s3-media4.fl.yelpcdn.com/photo/2AZqfH-vD6qhh7dICxjThQ/o.jpg', u'name': u'Paula N.'}, u'time_created': u'2017-06-11 11:57:56', u'rating': 1}, {u'url': u'https://www.yelp.com/biz/dairy-queen-bryan-4?hrid=JLvLuLty-GOUwLL6CzMz3g&adjust_creative=2Slx3F97ZFV4IU3uImzXaw&utm_campaign=yelp_api_v3&utm_medium=api_v3_business_reviews&utm_source=2Slx3F97ZFV4IU3uImzXaw', u'text': u'I was driving through Bryan and I got a little hungry and I was looking for something quick. Lo and behold, there was DQ. Sweet! I pulled out my phone,...', u'user': {u'image_url': u'https://s3-media4.fl.yelpcdn.com/photo/Me1jlzPG3QFKVg8gYzyYng/o.jpg', u'name': u'Belly G.'}, u'time_created': u'2013-05-25 10:18:10', u'rating': 1}, {u'url': u'https://www.yelp.com/biz/dairy-queen-bryan-4?hrid=VUVPaUXGKXXo5YkyTtxZhA&adjust_creative=2Slx3F97ZFV4IU3uImzXaw&utm_campaign=yelp_api_v3&utm_medium=api_v3_business_reviews&utm_source=2Slx3F97ZFV4IU3uImzXaw', u'text': u'Great service from Ebony here at this DQ. She was very helpful and a joy to be around. She made sure the grilled ckn was cut up and delicious for my 2 yr...', u'user': {u'image_url': u'https://s3-media4.fl.yelpcdn.com/photo/2fhXUYFg_oRdFeOoF7r9vQ/o.jpg', u'name': u'Cheri H.'}, u'time_created': u'2014-12-14 15:34:07', u'rating': 5}], u'total': 6}
{u'error': {u'code': u'BUSINESS_UNAVAILABLE', u'description': u'We may not be able to provide details for certain businesses, for example if they do not have any reviews yet.'}}
{u'reviews': [{u'url': u'https://www.yelp.com/biz/subway-bryan-6?hrid=dN83Oj_vFKqfGG3EKpk1bg&adjust_creative=2Slx3F97ZFV4IU3uImzXaw&utm_campaign=yelp_api_v3&utm_medium=api_v3_business_reviews&utm_source=2Slx3F97ZFV4IU3uImzXaw', u'text': u'Well they are now open again.  When realizing that we showed up for a movie at the outdoor palace theatre about an hour too early we looked across the...', u'user': {u'image_url': u'https://s3-media4.fl.yelpcdn.com/photo/ZCPKbFey3OF83MI8wPdNpg/o.jpg', u'name': u'Greg D.'}, u'time_created': u'2011-05-06 21:10:49', u'rating': 1}, {u'url': u'https://www.yelp.com/biz/subway-bryan-6?hrid=S8fco6m36ZqFu0qFsi3pgg&adjust_creative=2Slx3F97ZFV4IU3uImzXaw&utm_campaign=yelp_api_v3&utm_medium=api_v3_business_reviews&utm_source=2Slx3F97ZFV4IU3uImzXaw', u'text': u'I had an Italian BMT Chopped Salad which was really good.', u'user': {u'image_url': u'https://s3-media3.fl.yelpcdn.com/photo/USCR_conGFm9QUEh7NNw7w/o.jpg', u'name': u'D E.'}, u'time_created': u'2013-08-07 19:53:59', u'rating': 4}], u'total': 2}
{u'reviews': [{u'url': u'https://www.yelp.com/biz/pollo-el-mexicano-bryan?hrid=82sv-jofryN-w3dYLTgLwQ&adjust_creative=2Slx3F97ZFV4IU3uImzXaw&utm_campaign=yelp_api_v3&utm_medium=api_v3_business_reviews&utm_source=2Slx3F97ZFV4IU3uImzXaw', u'text': u"Just when I thought I had tried every taco in Brazos Valley, we found this restaurant on accident today and pulled right in.  I suspect it's new as it looks...", u'user': {u'image_url': u'https://s3-media4.fl.yelpcdn.com/photo/ZCPKbFey3OF83MI8wPdNpg/o.jpg', u'name': u'Greg D.'}, u'time_created': u'2010-09-16 20:04:32', u'rating': 3}, {u'url': u'https://www.yelp.com/biz/pollo-el-mexicano-bryan?hrid=7LooCxqPyr1mHrDunO1HIg&adjust_creative=2Slx3F97ZFV4IU3uImzXaw&utm_campaign=yelp_api_v3&utm_medium=api_v3_business_reviews&utm_source=2Slx3F97ZFV4IU3uImzXaw', u'text': u"Well, we're never going to be able to take our chances with the pollo here, because it's closed.", u'user': {u'image_url': u'https://s3-media1.fl.yelpcdn.com/photo/YdXjpjX4-6EW-opg7IA_Ow/o.jpg', u'name': u'Donna D.'}, u'time_created': u'2011-07-19 07:29:47', u'rating': 1}], u'total': 2}
{u'reviews': [{u'url': u'https://www.yelp.com/biz/krazy-q-and-dr-sno-kone-bryan?hrid=V5koOKQORL3ELXmI_6XLUA&adjust_creative=2Slx3F97ZFV4IU3uImzXaw&utm_campaign=yelp_api_v3&utm_medium=api_v3_business_reviews&utm_source=2Slx3F97ZFV4IU3uImzXaw', u'text': u'A BBQ and snow cone place? Yep. I was surprised as well. Its a dark brown trailer off of Texas Ave in the parking lot of Latino Car Wash, just before you...', u'user': {u'image_url': u'https://s3-media1.fl.yelpcdn.com/photo/YDeW7uClkYULgV8gqlcJag/o.jpg', u'name': u'Imba K.'}, u'time_created': u'2016-08-19 12:53:01', u'rating': 4}], u'total': 1}
{u'error': {u'code': u'BUSINESS_UNAVAILABLE', u'description': u'We may not be able to provide details for certain businesses, for example if they do not have any reviews yet.'}}
{u'reviews': [{u'url': u'https://www.yelp.com/biz/wings-and-more-bryan-3?hrid=4UvG73Lx-6G48feZolqpow&adjust_creative=2Slx3F97ZFV4IU3uImzXaw&utm_campaign=yelp_api_v3&utm_medium=api_v3_business_reviews&utm_source=2Slx3F97ZFV4IU3uImzXaw', u'text': u'This was such a huge disappointment and a total waste of money.  Expensive first off, especially because the food was greasy and the wings were very small....', u'user': {u'image_url': u'https://s3-media2.fl.yelpcdn.com/photo/YnSYhP3cGp3TcJT_R4gAWQ/o.jpg', u'name': u'Angela B.'}, u'time_created': u'2016-12-23 16:03:48', u'rating': 2}], u'total': 1}
{u'error': {u'code': u'BUSINESS_UNAVAILABLE', u'description': u'We may not be able to provide details for certain businesses, for example if they do not have any reviews yet.'}}
{u'error': {u'code': u'BUSINESS_UNAVAILABLE', u'description': u'We may not be able to provide details for certain businesses, for example if they do not have any reviews yet.'}}
{u'reviews': [{u'url': u'https://www.yelp.com/biz/pollo-el-mexicano-taqueria-bryan?hrid=e9Tk3fFQ3YAGneF1xetmfg&adjust_creative=2Slx3F97ZFV4IU3uImzXaw&utm_campaign=yelp_api_v3&utm_medium=api_v3_business_reviews&utm_source=2Slx3F97ZFV4IU3uImzXaw', u'text': u"Here's a novel idea.   Let's take an old gas station, leave the canopy up like it is but build a wooden enclosure directly underneath it, enclose that with...", u'user': {u'image_url': u'https://s3-media4.fl.yelpcdn.com/photo/ZCPKbFey3OF83MI8wPdNpg/o.jpg', u'name': u'Greg D.'}, u'time_created': u'2009-07-22 15:52:54', u'rating': 3}], u'total': 1}
{u'error': {u'code': u'BUSINESS_UNAVAILABLE', u'description': u'We may not be able to provide details for certain businesses, for example if they do not have any reviews yet.'}}
{u'error': {u'code': u'BUSINESS_UNAVAILABLE', u'description': u'We may not be able to provide details for certain businesses, for example if they do not have any reviews yet.'}}
{u'error': {u'code': u'BUSINESS_UNAVAILABLE', u'description': u'We may not be able to provide details for certain businesses, for example if they do not have any reviews yet.'}}
{u'error': {u'code': u'BUSINESS_UNAVAILABLE', u'description': u'We may not be able to provide details for certain businesses, for example if they do not have any reviews yet.'}}
{u'error': {u'code': u'BUSINESS_UNAVAILABLE', u'description': u'We may not be able to provide details for certain businesses, for example if they do not have any reviews yet.'}}
{u'error': {u'code': u'BUSINESS_UNAVAILABLE', u'description': u'We may not be able to provide details for certain businesses, for example if they do not have any reviews yet.'}}
{u'error': {u'code': u'BUSINESS_UNAVAILABLE', u'description': u'We may not be able to provide details for certain businesses, for example if they do not have any reviews yet.'}}
{u'error': {u'code': u'BUSINESS_UNAVAILABLE', u'description': u'We may not be able to provide details for certain businesses, for example if they do not have any reviews yet.'}}
{u'error': {u'code': u'BUSINESS_UNAVAILABLE', u'description': u'We may not be able to provide details for certain businesses, for example if they do not have any reviews yet.'}}
{u'error': {u'code': u'BUSINESS_UNAVAILABLE', u'description': u'We may not be able to provide details for certain businesses, for example if they do not have any reviews yet.'}}
