Restaurant_id,Category
mad-taco-college-station,tex-mex
mad-taco-college-station,newamerican
mad-taco-college-station,latin
napa-flats-wood-fired-kitchen-college-station-college-station,pizza
napa-flats-wood-fired-kitchen-college-station-college-station,gelato
napa-flats-wood-fired-kitchen-college-station-college-station,wine_bars
555-grill-college-station-2,asianfusion
555-grill-college-station-2,chinese
the-republic-college-station,steak
the-republic-college-station,tradamerican
mickeys-sliders-college-station,burgers
mickeys-sliders-college-station,tradamerican
twisted-noodle-cafe-college-station,creperies
twisted-noodle-cafe-college-station,ramen
twisted-noodle-cafe-college-station,bubbletea
shun-de-mom-express-college-station-6,asianfusion
shun-de-mom-express-college-station-6,chinese
shun-de-mom-express-college-station-6,korean
ohana-korean-grill-college-station,korean
ohana-korean-grill-college-station,bbq
ohana-korean-grill-college-station,asianfusion
first-watch-breakfast-brunch-and-lunch-college-station,breakfast_brunch
first-watch-breakfast-brunch-and-lunch-college-station,cafes
first-watch-breakfast-brunch-and-lunch-college-station,tradamerican
grub-burger-bar-college-station,burgers
veritas-wine-and-bistro-college-station,french
veritas-wine-and-bistro-college-station,newamerican
veritas-wine-and-bistro-college-station,asianfusion
fuego-tortilla-grill-college-station,tex-mex
fuego-tortilla-grill-college-station,mexican
canteen-bar-and-grill-college-station,bars
canteen-bar-and-grill-college-station,tradamerican
the-west-end-elixir-company-college-station,cocktailbars
the-west-end-elixir-company-college-station,pizza
40-tempura-japanese-fusion-grill-college-station,sushi
40-tempura-japanese-fusion-grill-college-station,japanese
ye-star-chinese-buffet-college-station,chinese
ye-star-chinese-buffet-college-station,buffets
shiraz-shish-kabob-college-station,mideastern
shiraz-shish-kabob-college-station,mediterranean
shiraz-shish-kabob-college-station,vegan
yummi-yummi-mongolian-grill-and-sushi-college-station,sushi
yummi-yummi-mongolian-grill-and-sushi-college-station,mongolian
urban-bricks-pizza-college-station,pizza
urban-bricks-pizza-college-station,chicken_wings
urban-bricks-pizza-college-station,salad
koppe-bridge-bar-and-grill-college-station,newamerican
koppe-bridge-bar-and-grill-college-station,burgers
koppe-bridge-bar-and-grill-college-station,bars
harvey-washbangers-college-station,burgers
harvey-washbangers-college-station,salad
harvey-washbangers-college-station,sandwiches
taz-indian-cuisine-college-station,indpak
taz-indian-cuisine-college-station,buffets
taz-indian-cuisine-college-station,bars
fish-daddys-seafood-grill-college-station,seafood
hopdoddy-burger-bar-college-station,burgers
torchys-tacos-college-station,tex-mex
torchys-tacos-college-station,breakfast_brunch
torchys-tacos-college-station,mexican
bbq-13-0-college-station,bbq
fire-truck-crepes-college-station,creperies
fire-truck-crepes-college-station,foodtrucks
razzoos-cajun-cafe-college-station,cajun
razzoos-cajun-cafe-college-station,diners
cenare-italian-restaurant-college-station,italian
cenare-italian-restaurant-college-station,wine_bars
centro-american-restaurant-and-pupuseria-college-station,latin
centro-american-restaurant-and-pupuseria-college-station,mexican
paolos-italian-kitchen-college-station-3,italian
yangtuo-club-college-station-3,hotpot
yangtuo-club-college-station-3,asianfusion
yangtuo-club-college-station-3,buffets
aji-sushi-college-station,asianfusion
aji-sushi-college-station,sushi
laynes-of-college-station-college-station,hotdogs
fusion-peru-college-station,foodtrucks
fusion-peru-college-station,peruvian
dixie-chicken-college-station,tradamerican
dixie-chicken-college-station,bars
dixie-chicken-college-station,chickenshop
mong-chon-korean-take-out-college-station,korean
blue-baker-college-station-2,pizza
blue-baker-college-station-2,bakeries
blue-baker-college-station-2,sandwiches
luigis-patio-ristorante-college-station,italian
luigis-patio-ristorante-college-station,pizza
pin-toh-thai-cafe-bryan,thai
pin-toh-thai-cafe-bryan,bubbletea
pin-toh-thai-cafe-bryan,salad
kolache-rolfs-college-station-4,bakeries
kolache-rolfs-college-station-4,breakfast_brunch
kolache-rolfs-college-station-4,desserts
hes-cafe-college-station,cafes
hes-cafe-college-station,chinese
hes-cafe-college-station,sushi
babes-doughnut-and-coffee-shop-bryan,donuts
babes-doughnut-and-coffee-shop-bryan,breakfast_brunch
zoës-kitchen-college-station,mediterranean
blaze-fast-fired-pizza-college-station,salad
blaze-fast-fired-pizza-college-station,hotdogs
blaze-fast-fired-pizza-college-station,pizza
christophers-world-grille-bryan,seafood
christophers-world-grille-bryan,steak
christophers-world-grille-bryan,newamerican
si-senor-mexican-grill-college-station,mexican
si-senor-mexican-grill-college-station,foodtrucks
si-senor-mexican-grill-college-station,tradamerican
aggie-taqueria-college-station,tacos
world-of-beer-college-station-2,pubs
world-of-beer-college-station-2,tradamerican
wokamole-healthy-cuisine-bryan,asianfusion
wokamole-healthy-cuisine-bryan,chinese
wokamole-healthy-cuisine-bryan,vegan
cheddars-scratch-kitchen-college-station,tradamerican
cheddars-scratch-kitchen-college-station,comfortfood
tacobar-college-station-2,mexican
texas-roadhouse-college-station,steak
texas-roadhouse-college-station,bbq
texas-roadhouse-college-station,tradamerican
bjs-restaurant-and-brewhouse-college-station-2,newamerican
bjs-restaurant-and-brewhouse-college-station-2,breweries
bjs-restaurant-and-brewhouse-college-station-2,pizza
saltgrass-steak-house-college-station-3,steak
saltgrass-steak-house-college-station-3,bars
rudys-country-store-and-bar-b-q-college-station,bbq
chois-restaurant-college-station-3,korean
time-for-thai-bryan-3,thai
chuys-college-station-2,tex-mex
azure-fusion-bistro-and-sake-college-station,sushi
pollys-cocina-college-station-2,tex-mex
gumbys-pizza-college-station,pizza
amico-nave-ristorante-bryan-2,italian
bell-ranch-steakhouse-college-station,steak
bell-ranch-steakhouse-college-station,salad
bell-ranch-steakhouse-college-station,seafood
willies-grill-and-icehouse-college-station,tradamerican
smitty-ks-college-station,tradamerican
chef-tais-mobile-bistro-college-station-6,asianfusion
chef-tais-mobile-bistro-college-station-6,foodtrucks
naked-fish-college-station,japanese
good-bull-bbq-college-station,foodtrucks
good-bull-bbq-college-station,bbq
pita-pit-college-station-2,hotdogs
pita-pit-college-station-2,sandwiches
pita-pit-college-station-2,mediterranean
blue-baker-college-station,sandwiches
blue-baker-college-station,pizza
blue-baker-college-station,bakeries
abuelos-college-station,mexican
abuelos-college-station,tex-mex
antonios-pizza-by-the-slice-college-station,pizza
wings-n-more-college-station-2,chicken_wings
wings-n-more-college-station-2,tradamerican
wings-n-more-college-station-2,bars
wayback-burgers-college-station-2,burgers
wayback-burgers-college-station-2,tradamerican
wayback-burgers-college-station-2,hotdog
ozona-grill-and-bar-college-station,bars
ozona-grill-and-bar-college-station,mexican
ozona-grill-and-bar-college-station,newamerican
lamar-and-nikis-pit-bbq-and-soul-food-bryan,soulfood
lamar-and-nikis-pit-bbq-and-soul-food-bryan,bbq
shun-de-mom-college-station,chinese
shun-de-mom-college-station,korean
shun-de-mom-college-station,asianfusion
yoles-la-familia-taqueria-college-station-2,mexican
jasons-deli-college-station,delis
jasons-deli-college-station,salad
jasons-deli-college-station,sandwiches
maddens-casual-gourmet-bryan,tradamerican
zands-persian-kebabs-bryan,persian
zands-persian-kebabs-bryan,mediterranean
zands-persian-kebabs-bryan,mideastern
kluay-kluay-thai-restaurant-bryan-2,thai
atami-steak-and-sushi-college-station,sushi
atami-steak-and-sushi-college-station,japanese
atami-steak-and-sushi-college-station,asianfusion
rosies-pho-college-station,vietnamese
rosies-pho-college-station,asianfusion
rosies-pho-college-station,thai
college-main-street-college-station,bars
college-main-street-college-station,newamerican
newks-eatery-college-station,pizza
newks-eatery-college-station,soup
newks-eatery-college-station,sandwiches
raising-canes-chicken-fingers-college-station,hotdogs
raising-canes-chicken-fingers-college-station,chicken_wings
rosas-cafe-and-tortilla-factory-college-station,mexican
rosas-cafe-and-tortilla-factory-college-station,cafes
rosas-cafe-and-tortilla-factory-college-station,tex-mex
vys-kitchen-asian-cuisine-college-station,asianfusion
vys-kitchen-asian-cuisine-college-station,chinese
vys-kitchen-asian-cuisine-college-station,vietnamese
cafe-eccell-bryan,cafes
cafe-eccell-bryan,pizza
burger-house-bryan,burgers
jesses-taqueria-and-bakery-bryan,tex-mex
jesses-taqueria-and-bakery-bryan,breakfast_brunch
jesses-taqueria-and-bakery-bryan,bakeries
campfire-restaurant-bryan,newamerican
campfire-restaurant-bryan,seafood
campfire-restaurant-bryan,cocktailbars
cotton-patch-cafe-college-station,tradamerican
cotton-patch-cafe-college-station,southern
cotton-patch-cafe-college-station,comfortfood
levy-restaurants-college-station,hotdogs
fargos-pit-bbq-bryan-2,bbq
fargos-pit-bbq-bryan-2,soulfood
wings-n-more-restaurant-and-bar-college-station-2,tradamerican
wings-n-more-restaurant-and-bar-college-station-2,chicken_wings
wings-n-more-restaurant-and-bar-college-station-2,sandwiches
t-jin-china-diner-college-station,chinese
master-yakiniku-korean-and-japanese-bbq-bryan,japanese
master-yakiniku-korean-and-japanese-bbq-bryan,korean
master-yakiniku-korean-and-japanese-bbq-bryan,bbq
zaxbys-chicken-fingers-and-buffalo-wings-college-station,chicken_wings
zaxbys-chicken-fingers-and-buffalo-wings-college-station,salad
zaxbys-chicken-fingers-and-buffalo-wings-college-station,hotdogs
the-backyard-college-station,tradamerican
the-backyard-college-station,sportsbars
the-backyard-college-station,tex-mex
carneys-pub-and-grill-bryan,bars
carneys-pub-and-grill-bryan,tradamerican
fuzzys-taco-shop-college-station,tex-mex
lupe-tortilla-college-station,tex-mex
lupe-tortilla-college-station,hotdogs
the-remnant-from-nawlins-bryan,cajun
the-remnant-from-nawlins-bryan,burgers
the-remnant-from-nawlins-bryan,soulfood
mooyah-burgers-fries-and-shakes-college-station,burgers
mooyah-burgers-fries-and-shakes-college-station,icecream
mooyah-burgers-fries-and-shakes-college-station,hotdog
chick-fil-a-college-station,hotdogs
c-and-j-barbeque-aggieland-store-college-station,bbq
proudest-monkey-bryan,tradamerican
proudest-monkey-bryan,sportsbars
proudest-monkey-bryan,gastropubs
c-and-j-barbeque-the-original-store-college-station,bbq
chimys-cerveceria-college-station,tex-mex
fireside-cafe-and-bar-college-station,bars
fireside-cafe-and-bar-college-station,tradamerican
fireside-cafe-and-bar-college-station,beer_and_wine
the-corner-bar-and-rooftop-grill-college-station,sportsbars
the-corner-bar-and-rooftop-grill-college-station,tradamerican
feed-barn-bryan,newamerican
salata-college-station,salad
kettle-restaurant-college-station,newamerican
genghis-grill-college-station,mongolian
genghis-grill-college-station,chinese
johnny-carinos-college-station,italian
johnny-carinos-college-station,salad
johnny-carinos-college-station,pizza
mcalisters-deli-college-station,sandwiches
mcalisters-deli-college-station,delis
mcalisters-deli-college-station,salad
applebees-college-station,tradamerican
applebees-college-station,sportsbars
applebees-college-station,burgers
potato-shack-northgate-college-station,tradamerican
potato-shack-northgate-college-station,salad
coco-loco-college-station,mexican
coco-loco-college-station,breakfast_brunch
coco-loco-college-station,salad
koppe-bridge-bar-and-grill-college-station-2,tradamerican
koppe-bridge-bar-and-grill-college-station-2,bbq
laynes-chicken-fingers-college-station,hotdogs
buffalo-wild-wings-college-station,chicken_wings
buffalo-wild-wings-college-station,tradamerican
buffalo-wild-wings-college-station,sportsbars
tx-burger-college-station-3,burgers
tx-burger-college-station-3,hotdogs
potbelly-sandwich-shop-college-station,sandwiches
shipwreck-grill-bryan,seafood
shipwreck-grill-bryan,cajun
panera-bread-college-station-3,sandwiches
panera-bread-college-station-3,salad
panera-bread-college-station-3,soup
c-and-c-asian-garden-college-station,chinese
c-and-c-asian-garden-college-station,sushi
c-and-c-asian-garden-college-station,asianfusion
blue-baker-college-station-3,pizza
blue-baker-college-station-3,bakeries
blue-baker-college-station-3,sandwiches
bavarian-brauhaus-bryan-2,german
bavarian-brauhaus-bryan-2,pubs
sbisa-dining-hall-college-station,buffets
sbisa-dining-hall-college-station,gelato
kolache-rolfs-college-station,bakeries
kolache-rolfs-college-station,sandwiches
pei-wei-college-station-2,chinese
pei-wei-college-station-2,gluten_free
pei-wei-college-station-2,asianfusion
fox-and-hound-college-station,tradamerican
fox-and-hound-college-station,sportsbars
whataburger-college-station-2,burgers
whataburger-college-station-2,hotdogs
whataburger-college-station-2,tradamerican
mollys-magnificent-creamery-and-eatery-bryan-2,tradamerican
mollys-magnificent-creamery-and-eatery-bryan-2,diners
the-in-between-girls-truck-college-station,foodtrucks
the-in-between-girls-truck-college-station,soulfood
the-in-between-girls-truck-college-station,mexican
the-village-cafe-bryan,breakfast_brunch
the-village-cafe-bryan,sandwiches
the-village-cafe-bryan,coffee
ihop-college-station,breakfast_brunch
ihop-college-station,tradamerican
mr-gs-pizzeria-college-station,pizza
mr-gs-pizzeria-college-station,salad
mr-gs-pizzeria-college-station,italian
los-cucos-mexican-cafe-college-station-college-station-2,mexican
los-cucos-mexican-cafe-college-station-college-station-2,tex-mex
los-cucos-mexican-cafe-college-station-college-station-2,bars
ninfas-mexican-restaurant-college-station-2,mexican
rx-pizza-and-bar-bryan,bars
rx-pizza-and-bar-bryan,pizza
rx-pizza-and-bar-bryan,salad
memes-gone-nutz-college-station,desserts
memes-gone-nutz-college-station,foodstands
chef-caos-college-station,chinese
chipotle-mexican-grill-college-station,mexican
chipotle-mexican-grill-college-station,hotdogs
kamei-sushi-and-grill-college-station,japanese
kamei-sushi-and-grill-college-station,sushi
freebirds-world-burrito-college-station-2,mexican
freebirds-world-burrito-college-station-2,tex-mex
on-the-border-mexican-grill-and-cantina-college-station-4,mexican
on-the-border-mexican-grill-and-cantina-college-station-4,tex-mex
marcos-pizza-college-station,pizza
mickeys-slider-truck-college-station,foodtrucks
mickeys-slider-truck-college-station,burgers
mickeys-slider-truck-college-station,newamerican
kolache-rolfs-college-station-3,bakeries
kolache-rolfs-college-station-3,sandwiches
fat-burger-grill-college-station,burgers
fat-burger-grill-college-station,sandwiches
fat-burger-grill-college-station,sportsbars
freddys-frozen-custard-and-steakburgers-college-station,burgers
freddys-frozen-custard-and-steakburgers-college-station,icecream
garpez-college-station,mexican
china-king-buffet-college-station,chinese
china-king-buffet-college-station,buffets
wingstop-college-station,chicken_wings
lime-fresh-mexican-grill-college-station,mexican
chef-caos-college-station-4,chinese
joy-luck-chinese-and-sushi-college-station,chinese
joy-luck-chinese-and-sushi-college-station,japanese
red-lobster-college-station,tradamerican
red-lobster-college-station,seafood
fazolis-college-station,italian
the-rollin-joint-college-station,newamerican
the-rollin-joint-college-station,foodstands
h-e-b-college-station,grocery
h-e-b-college-station,drugstores
h-e-b-college-station,delis
outback-steakhouse-college-station,steak
hungry-howies-pizza-college-station-3,pizza
panda-express-college-station-3,hotdogs
panda-express-college-station-3,chinese
taco-bell-college-station,mexican
taco-bell-college-station,tex-mex
taco-bell-college-station,hotdogs
sullys-landing-college-station,cafes
honeybaked-ham-co-college-station,delis
dominos-pizza-college-station,pizza
dominos-pizza-college-station,chicken_wings
dominos-pizza-college-station,sandwiches
firehouse-subs-college-station-2,sandwiches
firehouse-subs-college-station-2,hotdogs
firehouse-subs-college-station-2,delis
mi-familia-coco-loco-college-station,mexican
blakes-steaks-college-station,cheesesteaks
blakes-steaks-college-station,hotdogs
kyoto-japanese-restaurant-college-station,japanese
chicken-oil-co-bryan,burgers
chicken-oil-co-bryan,tradamerican
la-familia-taqueria-college-station,mexican
texas-a-and-m-university-dining-services-college-station,restaurants
doubledaves-pizzaworks-college-station-6,pizza
hullabaloo-diner-wellborn,diners
huertas-taqueria-college-station,streetvendors
huertas-taqueria-college-station,mexican
huertas-taqueria-college-station,foodstands
the-university-club-college-station,tradamerican
the-university-club-college-station,seafood
the-university-club-college-station,steak
schlotzskys-college-station-3,sandwiches
schlotzskys-college-station-3,delis
hometown-chinese-restaurant-bryan,panasian
baked-or-fried-bryan,chicken_wings
baked-or-fried-bryan,newamerican
baked-or-fried-bryan,bbq
jimmy-johns-college-station-2,sandwiches
the-grill-at-the-pavilion-college-station,burgers
the-grill-at-the-pavilion-college-station,breakfast_brunch
the-grill-at-the-pavilion-college-station,vegetarian
frittella-italian-cafe-bryan-2,italian
frittella-italian-cafe-bryan-2,desserts
frittella-italian-cafe-bryan-2,pizza
dominos-pizza-college-station-6,pizza
dominos-pizza-college-station-6,chicken_wings
dominos-pizza-college-station-6,sandwiches
the-tap-college-station,sportsbars
the-tap-college-station,tradamerican
dennys-college-station,diners
dennys-college-station,tradamerican
dennys-college-station,breakfast_brunch
tree-house-cafe-long-beach,pizza
tree-house-cafe-long-beach,sandwiches
freebirds-world-burrito-college-station-5,mexican
freebirds-world-burrito-college-station-5,tex-mex
cicis-college-station-2,pizza
revs-american-grill-college-station,tradamerican
raspas-el-payasito-bryan,mexican
raspas-el-payasito-bryan,foodtrucks
taqueria-maris-bryan,mexican
chilis-college-station,tradamerican
chilis-college-station,bars
chilis-college-station,tex-mex
fuddruckers-college-station,burgers
fuddruckers-college-station,tradamerican
kreuz-market-bryan,bbq
roman-delight-pizza-college-station,pizza
caffe-capri-bryan,italian
freebirds-world-burrito-college-station-4,mexican
freebirds-world-burrito-college-station-4,tex-mex
khairallah-halal-meat-bryan-2,meats
khairallah-halal-meat-bryan-2,halal
khairallah-halal-meat-bryan-2,grocery
olive-garden-italian-restaurant-college-station-3,italian
olive-garden-italian-restaurant-college-station-3,salad
olive-garden-italian-restaurant-college-station-3,wine_bars
must-be-heaven-college-station,icecream
must-be-heaven-college-station,sandwiches
sodolaks-beefmasters-restaurant-bryan,tradamerican
rebel-draft-house-college-station,bars
rebel-draft-house-college-station,tradamerican
taco-bell-college-station-2,hotdogs
taco-bell-college-station-2,mexican
taco-bell-college-station-2,tex-mex
shawarma-king-college-station,foodtrucks
shawarma-king-college-station,mideastern
subway-college-station-5,sandwiches
subway-college-station-5,hotdogs
gig-em-and-go-college-station,foodstands
gig-em-and-go-college-station,foodtrucks
bushs-chicken-college-station,chicken_wings
bushs-chicken-college-station,desserts
bushs-chicken-college-station,salad
katsuyas-college-station,sushi
taco-crave-taco-bar-bryan-2,tacos
taco-crave-taco-bar-bryan-2,newmexican
manchu-wok-college-station,chinese
schlotzskys-college-station-2,sandwiches
schlotzskys-college-station-2,delis
smashburger-college-station,salad
smashburger-college-station,burgers
smashburger-college-station,hotdogs
chicken-express-college-station,hotdogs
la-unión-tienda-y-restaurante-bryan-2,salvadoran
babylon-cafe-and-mediterranean-grill-bryan-2,mediterranean
babylon-cafe-and-mediterranean-grill-bryan-2,hookah_bars
the-41st-club-college-station,breakfast_brunch
the-41st-club-college-station,diyfood
farmers-grill-bryan,breakfast_brunch
farmers-grill-bryan,burgers
farmers-grill-bryan,tacos
memorial-student-center-lower-level-food-court-college-station,food_court
martins-place-bryan-2,bbq
panda-express-college-station,chinese
panda-express-college-station,hotdogs
midnight-yell-college-station,tex-mex
midnight-yell-college-station,mexican
subway-college-station-15,sandwiches
subway-college-station-15,hotdogs
chick-fil-a-college-station-9,hotdogs
sams-club-cafe-college-station,pizza
sams-club-cafe-college-station,cafes
jimmy-johns-college-station,sandwiches
ez-stop-college-station,mexican
ez-stop-college-station,breakfast_brunch
ez-stop-college-station,convenience
taco-casa-college-station,tex-mex
taco-casa-college-station,hotdogs
taco-casa-college-station,mexican
la-carreta-mexican-grill-bryan,mexican
la-carreta-mexican-grill-bryan,breakfast_brunch
imperial-chinese-and-sushi-bryan-2,chinese
imperial-chinese-and-sushi-bryan-2,sushi
imperial-chinese-and-sushi-bryan-2,japanese
tacos-las-rosas-college-station-2,foodtrucks
tacos-las-rosas-college-station-2,mexican
j-codys-steaks-and-bbq-bryan,bbq
j-codys-steaks-and-bbq-bryan,steak
sonic-college-station-5,hotdogs
doubledaves-pizzaworks-college-station-2,pizza
whataburger-college-station,burgers
whataburger-college-station,hotdogs
whataburger-college-station,tradamerican
freebirds-world-burrito-college-station-3,mexican
freebirds-world-burrito-college-station-3,tex-mex
pings-buffet-college-station,chinese
wrecking-crew-bbq-college-station,bbq
wendys-college-station,hotdogs
wendys-college-station,burgers
schlotskys-deli-college-station,delis
casa-ole-restaurant-22-college-station,mexican
richards-taqueria-taco-truck-college-station,foodtrucks
richards-taqueria-taco-truck-college-station,streetvendors
richards-taqueria-taco-truck-college-station,mexican
kfc-college-station-2,hotdogs
kfc-college-station-2,chicken_wings
taqueria-rios-truck-college-station,foodtrucks
taqueria-rios-truck-college-station,mexican
gumbys-pizza-college-station-2,pizza
the-pasta-fork-college-station,newamerican
sonic-college-station-4,hotdogs
schlotskys-deli-college-station-2,pizza
schlotskys-deli-college-station-2,delis
agrilife-sidewalk-cafe-college-station,cafes
agrilife-sidewalk-cafe-college-station,coffee
agrilife-sidewalk-cafe-college-station,convenience
agrilife-sidewalk-cafe-college-station,diyfood
down-the-line-snacks-college-station,foodstands
front-porch-grill-college-station,tradamerican
front-porch-grill-college-station,burgers
joy-luck-fusion-college-station,asianfusion
burger-king-restaurant-college-station,burgers
burger-king-restaurant-college-station,hotdogs
the-tomato-bar-express-college-station,food
the-tomato-bar-express-college-station,vegetarian
studio-eats-cafe-college-station,movietheaters
studio-eats-cafe-college-station,tradamerican
einstein-bros-bagels-college-station-3,restaurants
r-c-slocum-dining-hall-college-station,cafeteria
subway-college-station,sandwiches
subway-college-station,hotdogs
chipotle-mexican-grill-college-station-2,hotdogs
chipotle-mexican-grill-college-station-2,mexican
chicken-express-college-station-3,chicken_wings
critical-care-cafe-college-station,cafes
smoothie-king-the-underground-food-court-college-station,juicebars
smoothie-king-the-underground-food-court-college-station,food_court
taco-cabana-college-station,mexican
laynes-chicken-fingers-college-station-2,hotdogs
kettle-restaurant-bryan,diners
golden-corral-college-station-2,buffets
jimmy-johns-college-station-5,sandwiches
cabo-college-station,mexican
big-fly-grill-college-station,foodstands
tacos-la-morenita-trucks-college-station,foodtrucks
tacos-la-morenita-trucks-college-station,mexican
cotton-patch-cafe-bryan-2,tradamerican
cotton-patch-cafe-bryan-2,southern
cotton-patch-cafe-bryan-2,comfortfood
dairy-queen-college-station,hotdogs
taqueria-el-tio-bryan,mexican
arbys-college-station,sandwiches
arbys-college-station,hotdogs
wayback-burgers-bryan,burgers
wayback-burgers-bryan,hotdogs
wayback-burgers-bryan,sandwiches
shannons-cafe-bryan,newamerican
shannons-cafe-bryan,soulfood
mi-pueblito-mexican-bryan,mexican
w-xyz-bar-college-station,venues
w-xyz-bar-college-station,tapasmallplates
w-xyz-bar-college-station,cocktailbars
chuck-e-cheeses-college-station,pizza
chuck-e-cheeses-college-station,arcades
subway-college-station-6,sandwiches
subway-college-station-6,hotdogs
la-reina-del-sur-tacos-truck-college-station-3,foodtrucks
la-reina-del-sur-tacos-truck-college-station-3,mexican
subway-college-station-14,hotdogs
subway-college-station-14,sandwiches
wiki-wok-college-station,asianfusion
chick-fil-a-college-station-7,hotdogs
wendys-college-station-4,hotdogs
wendys-college-station-4,burgers
sarginos-pizza-fresca-college-station,pizza
sarginos-pizza-fresca-college-station,food
sarginos-pizza-fresca-college-station,hotdogs
chick-n-grill-college-station-2,tradamerican
cracker-barrel-old-country-store-bryan,tradamerican
cracker-barrel-old-country-store-bryan,breakfast_brunch
cracker-barrel-old-country-store-bryan,southern
bryan-fat-burger-bryan,burgers
taqueria-san-louis-bryan,foodtrucks
taqueria-san-louis-bryan,mexican
post-oak-mall-food-court-college-station,food_court
joses-fine-mexican-food-bryan,mexican
taqueria-rioverde-truck-college-station,mexican
taqueria-rioverde-truck-college-station,fooddeliveryservices
taqueria-rioverde-truck-college-station,foodstands
chick-fil-a-college-station-10,hotdogs
the-money-wise-aggie-snack-bar-college-station,diyfood
the-money-wise-aggie-snack-bar-college-station,food_court
wings-n-more-express-bryan-3,chicken_wings
wings-n-more-express-bryan-3,salad
wings-n-more-express-bryan-3,sandwiches
smoothies-college-station,breakfast_brunch
time-out-sports-deli-college-station,delis
dos-hermanos-taqueria-bryan,foodtrucks
dos-hermanos-taqueria-bryan,mexican
churchs-chicken-college-station,hotdogs
super-donuts-bryan,breakfast_brunch
super-donuts-bryan,donuts
common-denominator-deli-and-grill-college-station,delis
common-denominator-deli-and-grill-college-station,food
common-denominator-deli-and-grill-college-station,hotdogs
which-wich-college-station,sandwiches
subway-college-station-11,sandwiches
subway-college-station-11,hotdogs
vindaloo-college-station-2,indpak
tacos-las-morenita-trucks-college-station,streetvendors
tacos-las-morenita-trucks-college-station,mexican
tacos-las-morenita-trucks-college-station,foodstands
t-jin-china-diner-bryan-2,chinese
t-jin-china-diner-bryan-2,noodles
t-jin-china-diner-bryan-2,soup
azimuth-cafe-and-lounge-college-station,coffee
azimuth-cafe-and-lounge-college-station,breakfast_brunch
la-iguana-loka-bryan,mexican
chef-caos-ii-bryan-3,chinese
chef-caos-ii-bryan-3,thai
chef-caos-ii-bryan-3,buffets
crawfish-to-geaux-bryan,streetvendors
crawfish-to-geaux-bryan,cajun
crawfish-to-geaux-bryan,foodtrucks
northgate-district-northgate,restaurants
northgate-district-northgate,pubs
pizza-hut-college-station-4,pizza
pizza-hut-college-station-4,italian
pizza-hut-college-station-4,chicken_wings
laredo-taco-company-college-station,tex-mex
laredo-taco-company-college-station,mexican
laredo-taco-company-college-station,hotdogs
mcdonalds-college-station-8,hotdogs
mcdonalds-college-station-8,burgers
smokin-college-station-2,bbq
the-grill-at-the-underground-food-court-college-station,burgers
the-grill-at-the-underground-food-court-college-station,food_court
springers-chevron-and-cafe-express-college-station-2,hotdogs
wienerschnitzel-bryan,hotdog
wienerschnitzel-bryan,hotdogs
wienerschnitzel-bryan,sandwiches
buppys-catering-bryan,buffets
mcdonalds-college-station,hotdogs
mcdonalds-college-station,burgers
sonic-drive-in-college-station-3,hotdogs
taqueria-poblana-bryan,mexican
raising-canes-chicken-fingers-109-college-station,chicken_wings
raising-canes-chicken-fingers-109-college-station,tradamerican
e-king-grill-college-station-2,burgers
ag-cafe-college-station-2,food_court
papa-johns-pizza-college-station-5,pizza
mcdonalds-college-station-6,burgers
mcdonalds-college-station-6,hotdogs
longhorn-tavern-bryan,steak
the-hot-dawg-sidewalk-cafe-college-station,hotdog
duncan-dining-center-college-station,tradamerican
subway-college-station-8,sandwiches
subway-college-station-8,hotdogs
carters-burger-bryan-11,burgers
mondos-college-station,italian
bbqs-college-station,bbq
whataburger-college-station-3,burgers
whataburger-college-station-3,hotdogs
whataburger-college-station-3,tradamerican
freschetta-pizza-college-station,italian
taco-bell-college-station-4,tex-mex
taco-bell-college-station-4,hotdogs
taco-bell-college-station-4,mexican
taqueria-el-sol-de-mexico-bryan-2,mexican
chick-fil-a-bryan-2,hotdogs
sonic-drive-in-college-station-5,restaurants
over-the-bar-grill-college-station,foodstands
kolache-rolfs-bryan,coffee
kolache-rolfs-bryan,breakfast_brunch
kolache-rolfs-bryan,desserts
subway-college-station-7,sandwiches
subway-college-station-7,hotdogs
la-botana-mexican-restaurant-college-station,mexican
must-be-heaven-bryan,sandwiches
must-be-heaven-bryan,desserts
big-event-pizzeria-college-station,pizza
the-underground-food-court-college-station,diyfood
the-underground-food-court-college-station,burgers
gigem-grub-college-station,foodstands
crisp-college-station,newamerican
saboroso-college-station,italian
tacos-frescas-college-station,mexican
papa-perez-bryan,mexican
papa-perez-bryan,tex-mex
papa-perez-bryan,breakfast_brunch
pile-on-college-station-2,newamerican
subway-college-station-2,hotdogs
subway-college-station-2,sandwiches
papa-johns-college-station-4,pizza
simply-fresh-grab-n-go-college-station,tradamerican
chick-n-grill-college-station,tradamerican
jack-in-the-box-college-station,hotdogs
jack-in-the-box-college-station,burgers
cabo-the-commons-college-station,tex-mex
bushs-chicken-bryan,chickenshop
bushs-chicken-bryan,salad
bushs-chicken-bryan,hotdogs
las-mexicanas-taqueria-bryan-2,mexican
mondos-express-college-station,asianfusion
3rd-degree-college-station,sandwiches
raspas-el-payasito-truck-northgate,foodtrucks
raspas-el-payasito-truck-northgate,mexican
ciao-college-station-2,italian
el-sol-de-mexico-bryan,mexican
angelinas-tacos-caseros-college-station,tex-mex
angelinas-tacos-caseros-college-station,foodstands
peppers-cocina-bryan,mexican
peppers-cocina-bryan,tex-mex
mondo-subs-at-the-underground-food-court-college-station,sandwiches
mondo-subs-at-the-underground-food-court-college-station,food_court
papa-johns-pizza-college-station-2,pizza
wingsn-more-the-party-room-college-station,newamerican
ce-tti-building-college-station,collegeuniv
ce-tti-building-college-station,cafes
biochemistry-and-biophysics-college-station,food_court
biochemistry-and-biophysics-college-station,collegeuniv
eted-sidewalk-cafe-college-station,foodstands
popeyes-louisiana-kitchen-bryan,hotdogs
popeyes-louisiana-kitchen-bryan,chicken_wings
maggies-taqueria-bryan,mexican
t-garden-cafe-tea-garden-and-wine-patio-bryan,restaurants
little-caesars-pizza-college-station-2,pizza
pepes-mexican-cafe-bryan,mexican
pepes-mexican-cafe-bryan,tex-mex
mr-gs-pizzeria-bryan,pizza
hungry-howies-pizza-bryan,pizza
must-be-heaven-bryan-2,desserts
must-be-heaven-bryan-2,sandwiches
snowie-college-station,foodstands
kolache-capital-bryan,czech
kolache-capital-bryan,bakeries
stover-cafe-express-college-station,cafeteria
stover-cafe-express-college-station,tradamerican
stover-cafe-express-college-station,cafes
sichuan-bistro-college-station,chinese
brazos-cafe-bryan,cafeteria
brazos-cafe-bryan,cafes
pizza-hut-college-station-2,pizza
pizza-hut-college-station-2,italian
pizza-hut-college-station-2,chicken_wings
la-familia-taqueria-bryan,mexican
sidewalk-cafe-college-station-2,food
sidewalk-cafe-college-station-2,foodstands
casa-rodriguez-restaurant-bryan,mexican
pizza-hut-express-college-station-2,hotdogs
la-botana-mexican-restaurant-bryan-2,mexican
backstage-bistro-bryan-2,wine_bars
backstage-bistro-bryan-2,cafes
backstage-bistro-bryan-2,burgers
el-leoncito-taco-truck-college-station,foodtrucks
el-leoncito-taco-truck-college-station,mexican
nestle-toll-house-cafe-by-chip-college-station,bakeries
nestle-toll-house-cafe-by-chip-college-station,desserts
nestle-toll-house-cafe-by-chip-college-station,cafes
taco-casa-bryan,tex-mex
taco-casa-bryan,hotdogs
readfield-meats-and-freezer-service-bryan,meats
readfield-meats-and-freezer-service-bryan,delis
mcdonalds-college-station-4,hotdogs
mcdonalds-college-station-4,burgers
casa-ole-bryan,mexican
cilantro-mexican-grill-bryan,mexican
cilantro-mexican-grill-bryan,diners
franks-country-store-bryan,burgers
los-cucos-mexican-cafe-bryan-bryan-2,tex-mex
los-cucos-mexican-cafe-bryan-bryan-2,mexican
los-cucos-mexican-cafe-bryan-bryan-2,seafood
margies-bar-and-grill-bryan,bars
margies-bar-and-grill-bryan,burgers
rojos-taqueria-bryan,mexican
rojos-taqueria-bryan,breakfast_brunch
taco-bell-tower-point-college-station-2,hotdogs
cicis-college-station,pizza
la-reina-del-sur-tacos-truck-bryan,streetvendors
la-reina-del-sur-tacos-truck-bryan,mexican
la-reina-del-sur-tacos-truck-bryan,foodtrucks
the-market-bistro-bryan,burgers
shanghai-wok-bryan,chinese
laredo-taco-company-bryan,mexican
c-and-j-barbeque-bryan,bbq
norms-smokewagon-pit-bbq-bryan,bbq
norms-smokewagon-pit-bbq-bryan,foodtrucks
doubledaves-pizzaworks-bryan,pizza
subway-bryan,sandwiches
subway-bryan,hotdogs
hot-dogs-and-wings-etc-bryan,hotdog
hot-dogs-and-wings-etc-bryan,burgers
hot-dogs-and-wings-etc-bryan,tradamerican
ihop-bryan,breakfast_brunch
ihop-bryan,tradamerican
coco-loco-bryan,mexican
subway-college-station-3,sandwiches
subway-college-station-3,hotdogs
buppys-bryan,buffets
mcdonalds-bryan-6,burgers
mcdonalds-bryan-6,hotdogs
chicken-express-bryan,chicken_wings
el-taconazo-taco-truck-bryan,mexican
el-taconazo-taco-truck-bryan,foodstands
el-taconazo-taco-truck-bryan,importedfood
taquerias-arandas-16-bryan,mexican
taquerias-arandas-16-bryan,breakfast_brunch
whataburger-bryan,hotdogs
whataburger-bryan,burgers
whataburger-bryan,tradamerican
panda-express-bryan-2,chinese
panda-express-bryan-2,hotdogs
panda-express-bryan-2,bubbletea
las-mexicanas-taqueria-bryan,foodstands
las-mexicanas-taqueria-bryan,mexican
bcs-fish-and-ribs-drive-inn-bryan,soulfood
ms-helens-cafe-bryan,soulfood
ms-helens-cafe-bryan,desserts
el-taconazo-wellborn,mexican
long-john-silvers-bryan,seafood
long-john-silvers-bryan,hotdogs
dominos-pizza-bryan,pizza
dominos-pizza-bryan,chicken_wings
dominos-pizza-bryan,sandwiches
pizza-hut-bryan-6,pizza
pizza-hut-bryan-6,italian
pizza-hut-bryan-6,chicken_wings
donald-donuts-bryan-2,donuts
donald-donuts-bryan-2,breakfast_brunch
cicis-bryan,pizza
jrs-grill-bryan,tradamerican
taco-bell-bryan-4,mexican
taco-bell-bryan-4,tex-mex
taco-bell-bryan-4,hotdogs
restaurant-san-jose-bryan,mexican
kfc-bryan,hotdogs
kfc-bryan,chicken_wings
la-espiga-dorada-bakery-bryan,mexican
la-espiga-dorada-bakery-bryan,bakeries
los-dos-laredos-taqueria-bryan,foodtrucks
los-dos-laredos-taqueria-bryan,mexican
elys-tacos-bryan,mexican
taqueria-puro-potosino-ii-bryan,mexican
taqueria-puro-potosino-ii-bryan,foodtrucks
fast-break-tacos-and-more-bryan,mexican
dairy-queen-bryan-3,hotdogs
dairy-queen-bryan-3,icecream
pizza-hut-bryan-3,pizza
pizza-hut-bryan-3,italian
pizza-hut-bryan-3,chicken_wings
antojitos-mexicanos-el-nopalito-bryan,mexican
china-wok-express-bryan,chinese
taqueria-san-luis-bryan,mexican
subway-bryan-5,sandwiches
subway-bryan-5,hotdogs
sonic-bryan,hotdogs
bellons-kung-pao-express-bryan,asianfusion
jack-in-the-box-bryan,hotdogs
taqueria-la-perla-bryan,mexican
roberts-taqueria-bryan,tex-mex
mcdonalds-bryan-2,burgers
mcdonalds-bryan-2,hotdogs
subway-bryan-11,sandwiches
subway-bryan-11,hotdogs
whataburger-bryan-2,burgers
whataburger-bryan-2,hotdogs
whataburger-bryan-2,tradamerican
mcdonalds-bryan-5,hotdogs
mcdonalds-bryan-5,burgers
subway-bryan-8,sandwiches
subway-bryan-8,hotdogs
taco-bell-bryan-2,mexican
taco-bell-bryan-2,hotdogs
taco-bell-bryan-2,tex-mex
disciples-cafe-bryan,tradamerican
little-caesars-pizza-bryan-4,pizza
taco-cabana-bryan-2,mexican
subway-bryan-13,sandwiches
subway-bryan-13,hotdogs
taqueria-romero-bryan,mexican
cafe-bistro-bryan,burgers
cafe-bistro-bryan,tradamerican
amigos-taqueria-bryan,mexican
la-michoacana-taqueria-bryan,mexican
la-michoacana-taqueria-bryan,vegetarian
la-michoacana-taqueria-bryan,latin
tienda-mi-ranchito-taqueria-bryan,mexican
wings-n-more-express-bryan-2,chicken_wings
wings-n-more-express-bryan-2,salad
red-lobster-bryan,seafood
mcdonalds-bryan-3,burgers
mcdonalds-bryan-3,hotdogs
taqueria-esmeraldas-bryan,mexican
el-pollo-caliente-bryan,restaurants
popeyes-louisiana-kitchen-bryan-3,chicken_wings
popeyes-louisiana-kitchen-bryan-3,hotdogs
little-caesars-pizza-bryan-2,pizza
hillcrest-grocery-taqueria-bryan,mexican
taqueria-regiomontana-bryan-2,foodstands
jack-in-the-box-bryan-2,hotdogs
taqueria-las-mexicanas-truck-bryan,streetvendors
taqueria-las-mexicanas-truck-bryan,mexican
taqueria-las-mexicanas-truck-bryan,foodstands
subway-bryan-7,sandwiches
subway-bryan-7,hotdogs
la-jefa-taqueria-bryan,mexican
la-jefa-taqueria-bryan,convenience
mcdonalds-bryan,hotdogs
mcdonalds-bryan,burgers
el-cowboy-taco-ntento-bryan,mexican
wendys-bryan,burgers
wendys-bryan,hotdogs
burger-king-bryan-3,hotdogs
burger-king-bryan-3,burgers
sonic-drive-in-bryan,hotdogs
seafood-house-bryan,seafood
taqueria-mexico-bryan-2,mexican
dairy-queen-bryan-5,hotdogs
dairy-queen-bryan-5,icecream
taqueria-el-nopalito-bryan,mexican
bubbas-bar-and-bbq-bryan,bbq
churchs-chicken-bryan-2,hotdogs
dairy-queen-bryan-4,hotdogs
dairy-queen-bryan-4,icecream
subway-bryan-6,hotdogs
subway-bryan-6,sandwiches
pollo-el-mexicano-bryan,mexican
krazy-q-and-dr-sno-kone-bryan,shavedice
krazy-q-and-dr-sno-kone-bryan,bbq
wings-and-more-bryan-3,chicken_wings
pollo-el-mexicano-taqueria-bryan,mexican
field-and-tides-houston-2,southern
field-and-tides-houston-2,newamerican
field-and-tides-houston-2,seafood
ritual-houston,southern
ritual-houston,butcher
ritual-houston,newamerican
kitchen-713-houston-3,southern
kitchen-713-houston-3,newamerican
kitchen-713-houston-3,bars
ono-poke-houston-2,poke
ono-poke-houston-2,hawaiian
ono-poke-houston-2,seafood
edison-houston,newamerican
edison-houston,bars
edison-houston,gastropubs
the-pit-room-houston,bbq
nobies-houston-2,newamerican
nobies-houston-2,tapasmallplates
nobies-houston-2,tradamerican
roostar-vietnamese-grill-houston-3,vietnamese
roostar-vietnamese-grill-houston-3,sandwiches
kings-bierhaus-houston-2,german
kings-bierhaus-houston-2,newamerican
kings-bierhaus-houston-2,beerbar
liberty-taco-houston-2,tacos
liberty-taco-houston-2,seafood
liberty-taco-houston-2,breakfast_brunch
cabo-baja-tacos-and-burritos-houston-3,mexican
hearsay-gastro-lounge-houston,newamerican
hearsay-gastro-lounge-houston,gastropubs
hearsay-gastro-lounge-houston,cocktailbars
urban-eats-houston-2,bars
urban-eats-houston-2,newamerican
helen-in-the-heights-houston,greek
helen-in-the-heights-houston,wine_bars
pinch-seafood-and-bar-houston,bars
pinch-seafood-and-bar-houston,seafood
pinch-seafood-and-bar-houston,southern
fabios-artisan-pasta-houston,italian
fabios-artisan-pasta-houston,pastashops
fabios-artisan-pasta-houston,desserts
roost-houston,newamerican
the-rice-box-houston-5,chinese
bar-5015-houston,bars
bar-5015-houston,tradamerican
thai-gourmet-houston,thai
krisp-bird-and-batter-houston,southern
krisp-bird-and-batter-houston,chickenshop
krisp-bird-and-batter-houston,waffles
dish-society-houston,tradamerican
dish-society-houston,breakfast_brunch
dish-society-houston,newamerican
local-pho-houston,vietnamese
local-pho-houston,soup
local-pho-houston,noodles
conservatory-houston-2,food_court
conservatory-houston-2,beergardens
yoyos-hot-dog-houston-14,hotdog
yoyos-hot-dog-houston-14,foodstands
state-fare-houston,southern
state-fare-houston,bars
state-fare-houston,tradamerican
presidio-houston,newamerican
presidio-houston,southern
presidio-houston,cocktailbars
the-moonshiners-southern-table-bar-houston-2,southern
the-moonshiners-southern-table-bar-houston-2,cocktailbars
the-moonshiners-southern-table-bar-houston-2,breakfast_brunch
5411-empanadas-houston-2,latin
5411-empanadas-houston-2,empanadas
5411-empanadas-houston-2,argentine
tacodeli-houston-4,tacos
tacodeli-houston-4,breakfast_brunch
tacodeli-houston-4,seafood
the-union-kitchen-houston-5,southern
the-union-kitchen-houston-5,newamerican
local-foods-houston,sandwiches
local-foods-houston,vegetarian
local-foods-houston,delis
swamp-city-houston,cajun
swamp-city-houston,seafood
swamp-city-houston,chicken_wings
t-bones-sports-pub-houston,sportsbars
t-bones-sports-pub-houston,tradamerican
fu-belly-asian-cuisine-and-bubble-tea-bar-houston-2,vietnamese
fu-belly-asian-cuisine-and-bubble-tea-bar-houston-2,chinese
fu-belly-asian-cuisine-and-bubble-tea-bar-houston-2,bubbletea
gumbo-jeauxs-houston,cajun
gumbo-jeauxs-houston,soup
gumbo-jeauxs-houston,sandwiches
hopdoddy-burger-bar-houston-3,burgers
hopdoddy-burger-bar-houston-3,cocktailbars
hopdoddy-burger-bar-houston-3,salad
star-fish-houston,seafood
star-fish-houston,salad
star-fish-houston,sandwiches
rehla-foods-houston,burgers
rehla-foods-houston,desserts
rehla-foods-houston,halal
gumbo-jeauxs-houston-2,cajun
gumbo-jeauxs-houston-2,soup
gumbo-jeauxs-houston-2,sandwiches
house-of-fries-houston,burgers
house-of-fries-houston,sandwiches
oporto-fooding-house-and-wine-houston,tapasmallplates
oporto-fooding-house-and-wine-houston,portuguese
oporto-fooding-house-and-wine-houston,wine_bars
rise-nº2-houston,desserts
rise-nº2-houston,french
rise-nº2-houston,wine_bars
southern-goods-houston,southern
southern-goods-houston,bars
killens-stq-houston,steak
killens-stq-houston,newamerican
graces-houston-3,tradamerican
graces-houston-3,breakfast_brunch
graces-houston-3,comfortfood
zen-japanese-izakaya-houston,izakaya
zen-japanese-izakaya-houston,sushi
peli-peli-kitchen-houston,southafrican
peli-peli-kitchen-houston,desserts
peli-peli-kitchen-houston,sandwiches
grotto-downtown-houston,italian
grotto-downtown-houston,wine_bars
grotto-downtown-houston,tapasmallplates
las-tortas-perronas-houston-8,mexican
las-tortas-perronas-houston-8,sandwiches
las-tortas-perronas-houston-8,juicebars
pokeology-houston,poke
pokeology-houston,hawaiian
barnabys-cafe-houston-12,tradamerican
barnabys-cafe-houston-12,wine_bars
fat-bao-houston,asianfusion
fat-bao-houston,ramen
seaside-poke-houston-5,poke
seaside-poke-houston-5,sushi
jinya-ramen-bar-houston-3,ramen
the-breakfast-klub-houston-2,breakfast_brunch
the-breakfast-klub-houston-2,southern
the-breakfast-klub-houston-2,soulfood
local-foods-houston-5,salad
local-foods-houston-5,sandwiches
local-foods-houston-5,delis
coltivare-houston,italian
coltivare-houston,vegetarian
coltivare-houston,pizza
mkt-bar-houston,newamerican
mkt-bar-houston,musicvenues
mkt-bar-houston,breakfast_brunch
state-of-grace-houston,southern
state-of-grace-houston,newamerican
state-of-grace-houston,seafood
akashi-fusion-asian-and-sushi-bar-houston,sushi
akashi-fusion-asian-and-sushi-bar-houston,chinese
akashi-fusion-asian-and-sushi-bar-houston,japanese
riel-houston,newamerican
riel-houston,french
riel-houston,ukrainian
patagonia-grill-and-cafe-houston-3,argentine
patagonia-grill-and-cafe-houston-3,seafood
patagonia-grill-and-cafe-houston-3,steak
velvet-taco-houston,mexican
hmart-houston,korean
hmart-houston,grocery
hmart-houston,seafoodmarkets
liberty-kitchen-and-oyster-bar-houston-2,newamerican
liberty-kitchen-and-oyster-bar-houston-2,seafood
liberty-kitchen-and-oyster-bar-houston-2,bars
provisions-houston,newamerican
provisions-houston,bars
bacco-houston,bars
bacco-houston,pizza
teriyaki-kitchen-houston,japanese
blonde-biscotti-houston-2,coffee
blonde-biscotti-houston-2,desserts
blonde-biscotti-houston-2,breakfast_brunch
crab-ave-houston-3,chicken_wings
crab-ave-houston-3,cajun
crab-ave-houston-3,seafood
snooze-an-a-m-eatery-houston,breakfast_brunch
peli-peli-houston-5,southafrican
peli-peli-houston-5,newamerican
peli-peli-houston-5,seafood
the-grove-houston,newamerican
fat-bao-houston-4,asianfusion
fat-bao-houston-4,sandwiches
north-italia-houston,pizza
north-italia-houston,italian
cou-yon-seafood-house-houston-2,seafood
cou-yon-seafood-house-houston-2,cajun
magas-cafe-houston,breakfast_brunch
magas-cafe-houston,burgers
magas-cafe-houston,sandwiches
la-fisheria-temp-closed-houston,seafood
la-fisheria-temp-closed-houston,mexican
la-fisheria-temp-closed-houston,cocktailbars
the-springbok-houston,southafrican
the-springbok-houston,gastropubs
the-springbok-houston,cocktailbars
roostar-vietnamese-grill-houston-2,vietnamese
roostar-vietnamese-grill-houston-2,sandwiches
roostar-vietnamese-grill-houston-2,vegetarian
habanera-and-the-gringo-houston-5,mexican
liberty-kitchen-garden-oaks-houston,newamerican
liberty-kitchen-garden-oaks-houston,seafood
stantons-city-bites-houston,burgers
stantons-city-bites-houston,tradamerican
stantons-city-bites-houston,bars
rim-tanon-houston-2,thai
the-kitchen-at-the-dunlavy-houston-3,newamerican
the-kitchen-at-the-dunlavy-houston-3,breakfast_brunch
the-kitchen-at-the-dunlavy-houston-3,sandwiches
ambrosia-houston,tapasmallplates
ambrosia-houston,asianfusion
tiny-boxwoods-houston,newamerican
pepper-twins-houston-4,szechuan
crisp-heights-houston,italian
crisp-heights-houston,wine_bars
yokushi-robata-houston,poke
yokushi-robata-houston,izakaya
yokushi-robata-houston,ramen
xochi-houston,mexican
xochi-houston,beer_and_wine
xochi-houston,breakfast_brunch
chapman-and-kirby-houston-2,gastropubs
chapman-and-kirby-houston-2,tradamerican
benjys-houston-3,lounges
benjys-houston-3,newamerican
true-food-kitchen-houston,newamerican
true-food-kitchen-houston,vegan
true-food-kitchen-houston,vegetarian
uyghur-bistro-houston,chinese
uyghur-bistro-houston,halal
uyghur-bistro-houston,mediterranean
bosscat-kitchen-and-libations-houston,comfortfood
bosscat-kitchen-and-libations-houston,whiskeybars
cafe-ginger-uptown-houston-3,asianfusion
cafe-ginger-uptown-houston-3,sushi
cafe-ginger-uptown-houston-3,chinese
mezza-grille-houston,newamerican
mezza-grille-houston,seafood
mezza-grille-houston,desserts
indieats-houston,indpak
calypto-burger-houston-2,burgers
izakaya-houston,poke
izakaya-houston,izakaya
izakaya-houston,ramen
local-foods-houston-4,salad
local-foods-houston-4,sandwiches
local-foods-houston-4,breakfast_brunch
harolds-houston-5,bars
harolds-houston-5,southern
harolds-houston-5,cajun
cowboys-and-indians-tex-in-kitchen-houston,indpak
cowboys-and-indians-tex-in-kitchen-houston,tradamerican
cowboys-and-indians-tex-in-kitchen-houston,comfortfood
perbacco-houston,italian
the-general-public-houston,newamerican
the-general-public-houston,bars
the-general-public-houston,breakfast_brunch
liberty-kitchen-and-oysterette-houston,newamerican
liberty-kitchen-and-oysterette-houston,seafood
liberty-kitchen-and-oysterette-houston,breakfast_brunch
izakaya-wa-houston,tapasmallplates
izakaya-wa-houston,sushi
izakaya-wa-houston,izakaya
house-of-bowls-houston,chinese
house-of-bowls-houston,hkcafe
house-of-bowls-houston,noodles
foreign-policy-food-truck-houston-19,foodtrucks
foreign-policy-food-truck-houston-19,korean
foreign-policy-food-truck-houston-19,greek
helen-ts-soul-food-cafe-houston,cafes
helen-ts-soul-food-cafe-houston,soulfood
m-and-m-grill-houston,mediterranean
m-and-m-grill-houston,mexican
m-and-m-grill-houston,burgers
city-acre-brewing-houston,breweries
city-acre-brewing-houston,tradamerican
city-acre-brewing-houston,breakfast_brunch
steak-48-houston-2,steak
steak-48-houston-2,seafood
che-inka-houston,peruvian
che-inka-houston,argentine
che-inka-houston,seafood
moku-bar-houston,poke
moku-bar-houston,asianfusion
moku-bar-houston,hawaiian
karbach-brewing-company-houston,breweries
karbach-brewing-company-houston,gastropubs
maba-pan-asian-diner-houston,asianfusion
maba-pan-asian-diner-houston,vietnamese
adair-kitchen-houston,newamerican
adair-kitchen-houston,breakfast_brunch
adair-kitchen-houston,juicebars
gumbo-jeauxs-houston-4,cajun
uchi-houston,sushi
uchi-houston,japanese
thai-jasmine-restaurant-houston,thai
helens-kitchen-houston,caribbean
south-bank-seafood-bar-houston,seafood
south-bank-seafood-bar-houston,cajun
south-bank-seafood-bar-houston,asianfusion
ramen-bar-ichi-houston,ramen
texas-shrimp-shack-houston,seafood
texas-shrimp-shack-houston,latin
texas-shrimp-shack-houston,mexican
simply-greek-houston-7,greek
simply-greek-houston-7,salad
crispy-or-grilled-houston,foodtrucks
crispy-or-grilled-houston,halal
crispy-or-grilled-houston,tacos
rachels-cafe-houston,tradamerican
rachels-cafe-houston,burgers
rachels-cafe-houston,sandwiches
backstreet-café-houston-2,newamerican
backstreet-café-houston-2,breakfast_brunch
prohibition-supperclub-and-bar-houston,cocktailbars
prohibition-supperclub-and-bar-houston,newamerican
prohibition-supperclub-and-bar-houston,theater
sabas-grill-and-wok-houston,kosher
sabas-grill-and-wok-houston,mideastern
sabas-grill-and-wok-houston,chinese
culichi-town-houston-11,sushi
culichi-town-houston-11,seafood
culichi-town-houston-11,mexican
love-buzz-houston-4,bars
love-buzz-houston-4,pizza
biryani-factory-houston-2,indpak
the-stuffed-baked-potato-factory-houston-2,newamerican
niu-yi-zui-lamen-houston,noodles
niu-yi-zui-lamen-houston,chinese
niu-yi-zui-lamen-houston,soup
qins-noodle-kitchen-houston,chinese
qins-noodle-kitchen-houston,noodles
ettas-little-cooking-school-houston,comfortfood
ettas-little-cooking-school-houston,cookingclasses
ettas-little-cooking-school-houston,eventplanning
ramen-tatsu-ya-houston,ramen
irmas-southwest-grill-houston,mexican
irmas-southwest-grill-houston,tex-mex
irmas-southwest-grill-houston,tradamerican
the-raven-grill-houston,newamerican
chef-on-the-run-houston,foodtrucks
chef-on-the-run-houston,halal
chef-on-the-run-houston,egyptian
caracol-houston,seafood
caracol-houston,mexican
caracol-houston,breakfast_brunch
las-palomas-mexican-restaurant-houston-8,mexican
super-chicken-houston,hotdogs
super-chicken-houston,sandwiches
super-chicken-houston,chickenshop
houstons-restaurant-houston-2,newamerican
houstons-restaurant-houston-2,steak
houstons-restaurant-houston-2,tradamerican
penjamo-el-grande-houston-2,mexican
the-hay-merchant-houston,beergardens
the-hay-merchant-houston,gastropubs
the-hay-merchant-houston,beerbar
weights-measures-houston-2,bakeries
weights-measures-houston-2,gastropubs
weights-measures-houston-2,newamerican
the-stuffed-baked-potato-factory-houston-3,bbq
the-stuffed-baked-potato-factory-houston-3,comfortfood
the-stuffed-baked-potato-factory-houston-3,sandwiches
mein-restaurant-houston,cantonese
eloise-nichols-grill-and-liquors-houston-2,seafood
eloise-nichols-grill-and-liquors-houston-2,southern
eloise-nichols-grill-and-liquors-houston-2,newamerican
ginger-and-fork-houston,chinese
ginger-and-fork-houston,cocktailbars
old-saigon-cafe-houston,vietnamese
old-saigon-cafe-houston,breakfast_brunch
aim-thai-restaurant-houston,thai
north-shore-poke-co-houston-5,poke
north-shore-poke-co-houston-5,hawaiian
unos-pnches-tacos-houston,mexican
unos-pnches-tacos-houston,breakfast_brunch
unos-pnches-tacos-houston,sandwiches
casian-crawfish-houston,seafood
casian-crawfish-houston,vietnamese
casian-crawfish-houston,cajun
cafeza-houston,coffee
cafeza-houston,tapasmallplates
cafeza-houston,cocktailbars
phil-and-dereks-houston-5,southern
phil-and-dereks-houston-5,cajun
phil-and-dereks-houston-5,jazzandblues
district-7-grill-houston-3,breakfast_brunch
district-7-grill-houston-3,tradamerican
district-7-grill-houston-3,tapasmallplates
pappadeaux-seafood-kitchen-houston-12,cajun
pappadeaux-seafood-kitchen-houston-12,seafood
sage-houston-2,newamerican
borgo-food-station-houston,modern_european
borgo-food-station-houston,french
borgo-food-station-houston,italian
tainan-bistro-houston-2,taiwanese
tainan-bistro-houston-2,noodles
tainan-bistro-houston-2,soup
henderson-heights-houston,pubs
henderson-heights-houston,burgers
henderson-heights-houston,cocktailbars
vic-and-anthonys-steakhouse-houston,steak
vic-and-anthonys-steakhouse-houston,newamerican
bamboo-china-cafe-houston-2,asianfusion
hearsay-on-the-green-houston,newamerican
hearsay-on-the-green-houston,cocktailbars
hopdoddy-burger-bar-houston,burgers
banh-somtum-houston-3,laotian
banh-somtum-houston-3,thai
district-7-grill-houston-5,newamerican
district-7-grill-houston-5,seafood
district-7-grill-houston-5,burgers
captain-toms-seafood-and-oyster-bar-houston,seafood
mannies-seafood-houston,seafood
island-grill-houston-6,mediterranean
island-grill-houston-6,juicebars
island-grill-houston-6,tradamerican
pura-coffee-houston,coffee
pura-coffee-houston,bakeries
pura-coffee-houston,sandwiches
pappadeaux-seafood-kitchen-houston-14,seafood
pappadeaux-seafood-kitchen-houston-14,cajun
lims-chicken-houston,chickenshop
lims-chicken-houston,korean
lims-chicken-houston,chicken_wings
yauatcha-houston,dimsum
yauatcha-houston,tea
central-texas-bar-b-q-houston,bbq
agu-ramen-houston,ramen
tarka-indian-kitchen-houston,indpak
tarka-indian-kitchen-houston,vegan
tarka-indian-kitchen-houston,vegetarian
massas-south-coast-grill-houston,seafood
massas-south-coast-grill-houston,cajun
massas-south-coast-grill-houston,southern
sleepy-po-boys-houston,cajun
sleepy-po-boys-houston,sandwiches
sleepy-po-boys-houston,fishnchips
foundation-room-houston-3,newamerican
foundation-room-houston-3,lounges
foundation-room-houston-3,cocktailbars
the-original-marinis-empanada-house-houston,latin
the-original-marinis-empanada-house-houston,argentine
the-original-marinis-empanada-house-houston,empanadas
neils-bahr-houston,bars
neils-bahr-houston,arcades
neils-bahr-houston,burgers
ninfas-mexican-restaurant-houston-3,mexican
buffburger-houston,burgers
gyro-king-houston,foodtrucks
gyro-king-houston,juicebars
gyro-king-houston,halal
wokker-houston,asianfusion
hobos-sandwich-shop-houston,sandwiches
lotus-seafood-market-houston,seafoodmarkets
lotus-seafood-market-houston,cajun
peli-deli-houston-3,southafrican
peli-deli-houston-3,breakfast_brunch
tamashi-ramen-and-sushi-houston-6,ramen
tamashi-ramen-and-sushi-houston-6,sushi
sterling-house-houston,gastropubs
sterling-house-houston,cocktailbars
sterling-house-houston,wine_bars
nam-eatery-houston,soup
nam-eatery-houston,vietnamese
pepper-twins-houston,szechuan
salmontin-houston-2,french
salmontin-houston-2,seafood
under-the-volcano-houston,latin
under-the-volcano-houston,cocktailbars
pepper-twins-houston-6,szechuan
carniceria-aguascalientes-houston,mexican
seasons-52-houston-3,newamerican
seasons-52-houston-3,wine_bars
seasons-52-houston-3,breakfast_brunch
osso-and-kristalla-houston-2,italian
osso-and-kristalla-houston-2,pizza
nola-poboys-houston,cajun
nola-poboys-houston,seafood
peru-gourmet-houston-3,peruvian
peru-gourmet-houston-3,seafood
peru-gourmet-houston-3,mexican
gyu-kaku-japanese-bbq-houston-2,japanese
gyu-kaku-japanese-bbq-houston-2,bbq
gyu-kaku-japanese-bbq-houston-2,tapasmallplates
uberrito-houston-6,tex-mex
uberrito-houston-6,mexican
uberrito-houston-6,hotdogs
the-del-houston,newamerican
mamas-seafood-houston,seafood
tapesters-grill-houston-2,tradamerican
tapesters-grill-houston-2,breakfast_brunch
tapesters-grill-houston-2,wine_bars
dot-coffee-shop-houston,tradamerican
dot-coffee-shop-houston,diners
dot-coffee-shop-houston,breakfast_brunch
angelas-oven-houston-3,bakeries
angelas-oven-houston-3,breakfast_brunch
angelas-oven-houston-3,sandwiches
on-the-kirb-houston-2,sportsbars
on-the-kirb-houston-2,gastropubs
ibiza-food-and-wine-bar-houston-2,wine_bars
ibiza-food-and-wine-bar-houston-2,newamerican
ibiza-food-and-wine-bar-houston-2,basque
boca2-gastro-bar-and-bites-houston,tapas
boca2-gastro-bar-and-bites-houston,spanish
boca2-gastro-bar-and-bites-houston,desserts
benjys-houston-2,newamerican
benjys-houston-2,lounges
benjys-houston-2,wine_bars
caliente-houston-4,tex-mex
caliente-houston-4,mexican
kasra-persian-grill-houston-2,mideastern
kasra-persian-grill-houston-2,persian
kasra-persian-grill-houston-2,mediterranean
andes-cafe-houston,venezuelan
andes-cafe-houston,colombian
andes-cafe-houston,peruvian
flying-saucer-draught-emporium-houston-2,newamerican
flying-saucer-draught-emporium-houston-2,pubs
flying-saucer-draught-emporium-houston-2,venues
inferno-pizza-houston-2,pizza
inferno-pizza-houston-2,bars
the-cajun-house-houston,cajun
the-cajun-house-houston,seafood
the-cajun-house-houston,asianfusion
leaf-and-grain-houston-2,salad
leaf-and-grain-houston-2,vegan
leaf-and-grain-houston-2,vegetarian
taco-real-houston,mexican
briannas-restaurant-houston,latin
briannas-restaurant-houston,seafood
briannas-restaurant-houston,burgers
paulies-houston,sandwiches
paulies-houston,italian
paulies-houston,coffee
pappadeauxs-seafood-kitchen-houston,seafood
brasserie-du-parc-houston,brasseries
brasserie-du-parc-houston,french
brasserie-du-parc-houston,bars
pappas-bros-steakhouse-houston-4,steak
broke-ass-pizza-houston-6,pizza
broke-ass-pizza-houston-6,vegan
broke-ass-pizza-houston-6,hotdogs
eastwoods-houston,chicken_wings
eastwoods-houston,pizza
eastwoods-houston,shavedice
louisiana-fish-house-houston-2,cajun
louisiana-fish-house-houston-2,seafood
tayeb-mandi-and-mediterranean-grill-houston,mediterranean
tayeb-mandi-and-mediterranean-grill-houston,halal
tayeb-mandi-and-mediterranean-grill-houston,mideastern
hughies-houston-2,vietnamese
hughies-houston-2,asianfusion
hughies-houston-2,sandwiches
mi-recuerdo-colombian-and-mexican-restaurant-houston,mexican
mi-recuerdo-colombian-and-mexican-restaurant-houston,colombian
casarez-houston,mexican
casarez-houston,cajun
poke-bar-houston-9,sushi
poke-bar-houston-9,poke
poke-bar-houston-9,hawaiian
ship-and-shield-houston-3,scandinavian
ship-and-shield-houston-3,pubs
rays-real-pit-bbq-shack-houston-2,bbq
rays-real-pit-bbq-shack-houston-2,seafood
rays-real-pit-bbq-shack-houston-2,sandwiches
julep-houston,cocktailbars
julep-houston,tapasmallplates
julep-houston,whiskeybars
burger-chan-houston,hotdog
burger-chan-houston,burgers
burger-chan-houston,breakfast_brunch
little-matts-houston-2,tex-mex
little-matts-houston-2,burgers
little-matts-houston-2,sandwiches
piola-houston,pizza
piola-houston,italian
piola-houston,salad
fm-kitchen-and-bar-houston-2,bars
fm-kitchen-and-bar-houston-2,southern
fadis-meyerland-mediterranean-grill-houston,greek
fadis-meyerland-mediterranean-grill-houston,mediterranean
fadis-meyerland-mediterranean-grill-houston,mideastern
the-blue-fish-bayou-place-houston-2,sushi
the-blue-fish-bayou-place-houston-2,japanese
the-blue-fish-bayou-place-houston-2,seafood
the-district-houston-2,newamerican
the-district-houston-2,seafood
the-district-houston-2,southern
republic-diner-sojubang-houston-4,korean
republic-diner-sojubang-houston-4,gastropubs
republic-diner-sojubang-houston-4,cocktailbars
petrol-station-houston,tradamerican
petrol-station-houston,burgers
petrol-station-houston,beergardens
italian-express-pizzeria-houston,pizza
helen-greek-food-and-wine-houston,greek
helen-greek-food-and-wine-houston,wine_bars
golden-dumpling-house-houston,chinese
bibos-cafe-houston-2,vietnamese
bibos-cafe-houston-2,coffee
jimees-bbq-houston,bbq
piggys-kitchen-and-bar-houston,breakfast_brunch
piggys-kitchen-and-bar-houston,bars
piggys-kitchen-and-bar-houston,tradamerican
dak-and-bop-houston,chicken_wings
dak-and-bop-houston,korean
dak-and-bop-houston,asianfusion
govindas-vegetarian-cuisine-houston,indpak
govindas-vegetarian-cuisine-houston,vegetarian
govindas-vegetarian-cuisine-houston,vegan
mala-sichuan-bistro-houston,szechuan
argentina-cafe-houston,latin
argentina-cafe-houston,argentine
argentina-cafe-houston,cafes
the-nickel-sandwich-grill-houston,sandwiches
the-nickel-sandwich-grill-houston,tradamerican
the-nickel-sandwich-grill-houston,burgers
oporto-café-houston-2,tapas
oporto-café-houston-2,wine_bars
oporto-café-houston-2,portuguese
relish-restaurant-and-bar-houston,tradamerican
m-and-m-hamburger-houston,burgers
aladdin-mediterranean-cuisine-houston,mideastern
aladdin-mediterranean-cuisine-houston,greek
aladdin-mediterranean-cuisine-houston,mediterranean
the-burger-joint-houston-10,burgers
the-burger-joint-houston-10,hotdog
the-burger-joint-houston-10,sandwiches
piada-italian-street-food-houston-2,salad
piada-italian-street-food-houston-2,italian
piada-italian-street-food-houston-2,sandwiches
hungrys-houston-2,newamerican
hungrys-houston-2,breakfast_brunch
sozo-sushi-and-lounge-houston,sushi
best-donuts-houston-3,donuts
best-donuts-houston-3,breakfast_brunch
best-donuts-houston-3,bakeries
house-of-hoopz-bbq-and-crawfish-houston-3,bbq
house-of-hoopz-bbq-and-crawfish-houston-3,seafood
holy-smokes-bar-b-que-houston,bbq
888-chinese-restaurant-houston-2,chinese
boombox-taco-houston,foodtrucks
boombox-taco-houston,tacos
lets-noodle-houston,chinese
lets-noodle-houston,noodles
lucilles-houston,newamerican
lucilles-houston,southern
burns-original-bbq-houston,bbq
café-rabelais-houston-2,french
café-rabelais-houston-2,brasseries
akashi-asian-sushi-cuisine-and-wine-bar-houston-7,sushi
akashi-asian-sushi-cuisine-and-wine-bar-houston-7,japanese
akashi-asian-sushi-cuisine-and-wine-bar-houston-7,chinese
super-la-mexicana-houston,mexican
the-honeymoon-cafe-and-bar-houston,cocktailbars
the-honeymoon-cafe-and-bar-houston,cafes
the-honeymoon-cafe-and-bar-houston,coffee
haabanero-houston,mexican
asia-market-thai-lao-food-houston-2,laotian
asia-market-thai-lao-food-houston-2,thai
gyu-kaku-japanese-bbq-houston,japanese
gyu-kaku-japanese-bbq-houston,bbq
gyu-kaku-japanese-bbq-houston,tapas
arabella-mediterranean-cuisine-houston,mediterranean
arabella-mediterranean-cuisine-houston,mideastern
arabella-mediterranean-cuisine-houston,greek
federal-american-grill-houston-3,newamerican
federal-american-grill-houston-3,burgers
federal-american-grill-houston-3,cocktailbars
trulucks-houston,seafood
trulucks-houston,steak
brennans-of-houston-houston,cajun
brennans-of-houston-houston,steak
brennans-of-houston-houston,tradamerican
kukuri-houston,sushi
kukuri-houston,japanese
pappys-cafe-houston,tradamerican
pappys-cafe-houston,comfortfood
pappys-cafe-houston,cafes
brookstreet-bar-b-que-houston-2,bbq
brookstreet-bar-b-que-houston-2,southern
polonia-restaurant-houston-3,polish
polonia-restaurant-houston-3,desserts
polonia-restaurant-houston-3,sandwiches
sparkles-hamburger-spot-houston-3,burgers
saeeds-mediterranean-grill-houston-3,mediterranean
saeeds-mediterranean-grill-houston-3,halal
saeeds-mediterranean-grill-houston-3,sandwiches
maclanes-cafe-houston,cafes
maclanes-cafe-houston,tradamerican
maclanes-cafe-houston,newamerican
just-dinner-houston-2,newamerican
le-pams-house-of-creole-houston,cajun
le-pams-house-of-creole-houston,seafood
le-pams-house-of-creole-houston,soulfood
banh-mi-etc-houston,vietnamese
banh-mi-etc-houston,sandwiches
banh-mi-etc-houston,juicebars
surya-india-houston,indpak
island-sizzler-jamaican-rum-bar-and-grill-houston,caribbean
island-sizzler-jamaican-rum-bar-and-grill-houston,sportsbars
brenners-steakhouse-on-the-bayou-houston,steak
brenners-steakhouse-on-the-bayou-houston,newamerican
brenners-steakhouse-on-the-bayou-houston,seafood
noodles-and-company-houston-2,vietnamese
noodles-and-company-houston-2,noodles
noodles-and-company-houston-2,soup
midtown-grill-houston,tradamerican
reggae-hut-houston,caribbean
la-macro-houston-7,foodtrucks
la-macro-houston-7,tacos
huynh-restaurant-houston,vietnamese
a-little-seoul-houston-2,korean
house-of-pies-houston-4,breakfast_brunch
house-of-pies-houston-4,desserts
house-of-pies-houston-4,sandwiches
shepherd-park-draught-house-houston,newamerican
shepherd-park-draught-house-houston,gastropubs
shepherd-park-draught-house-houston,breakfast_brunch
two-brothers-smokin-oak-kitchen-houston-2,foodtrucks
two-brothers-smokin-oak-kitchen-houston-2,bbq
treebeards-houston,southern
treebeards-houston,cafeteria
mias-table-houston,tradamerican
mias-table-houston,bbq
mias-table-houston,burgers
double-apple-grill-houston-3,hookah_bars
double-apple-grill-houston-3,mideastern
double-apple-grill-houston-3,hotdogs
asahi-sushi-houston,sushi
asahi-sushi-houston,japanese
hanz-diner-houston,tradamerican
hanz-diner-houston,breakfast_brunch
hanz-diner-houston,diners
pappas-burger-houston-3,burgers
pampa-grill-and-market-houston-2,argentine
pampa-grill-and-market-houston-2,latin
dona-maria-houston,mexican
luna-pizzeria-houston,pizza
luna-pizzeria-houston,salad
luna-pizzeria-houston,sandwiches
aroy-dee-thai-cuisine-houston,thai
taste-of-the-caribbean-houston,caribbean
taste-of-the-caribbean-houston,buffets
the-barking-pig-houston,wine_bars
the-barking-pig-houston,tapasmallplates
the-barking-pig-houston,cocktailbars
hops-meet-barley-houston,gastropubs
hops-meet-barley-houston,beerbar
hops-meet-barley-houston,tradamerican
nee-hao-restaurant-houston,chinese
seasons-52-houston-2,newamerican
seasons-52-houston-2,wine_bars
seasons-52-houston-2,breakfast_brunch
masraffs-houston,newamerican
masraffs-houston,seafood
pho-hai-houston,vietnamese
bcn-taste-and-tradition-houston,catalan
bcn-taste-and-tradition-houston,spanish
fajitas-a-go-go-houston,tex-mex
fajitas-a-go-go-houston,vegetarian
fajitas-a-go-go-houston,mexican
mia-bella-trattoria-houston-14,italian
pappasitos-cantina-houston-2,tex-mex
pappasitos-cantina-houston-2,seafood
fresh-off-the-bowl-houston,vietnamese
potente-houston,italian
potente-houston,seafood
jonathans-the-rub-houston,newamerican
jonathans-the-rub-houston,seafood
jonathans-the-rub-houston,steak
bovine-and-barley-houston,bars
bovine-and-barley-houston,newamerican
calliopes-houston,cajun
calliopes-houston,seafood
calliopes-houston,chicken_wings
the-branch-houston-2,beerbar
the-branch-houston-2,gastropubs
carriage-house-café-houston-2,tradamerican
happy-fatz-houston,desserts
happy-fatz-houston,hotdog
happy-fatz-houston,coffee
bonfire-wings-houston,cajun
bonfire-wings-houston,chicken_wings
bonfire-wings-houston,tradamerican
franks-grill-houston,breakfast_brunch
franks-grill-houston,diners
franks-grill-houston,tradamerican
pappas-seafood-house-houston-5,seafood
pappas-seafood-house-houston-5,cajun
hs-green-houston-4,salad
hs-green-houston-4,pizza
hs-green-houston-4,juicebars
zydeco-louisiana-diner-houston,cajun
texas-seafood-restaurant-houston,seafood
the-pupusa-bar-houston,foodstands
the-pupusa-bar-houston,salvadoran
the-pupusa-bar-houston,gluten_free
old-mexico-houston,mexican
little-bigs-houston-6,hotdog
little-bigs-houston-6,burgers
restaurante-monte-cristo-houston,restaurants
mf-sushi-houston-2,sushi
the-union-kitchen-houston,newamerican
korean-noodle-house-houston-4,korean
korean-noodle-house-houston-4,noodles
korean-noodle-house-houston-4,seafood
best-soul-food-in-town-houston-2,soulfood
best-soul-food-in-town-houston-2,tradamerican
el-greco-kitchen-and-grill-houston-3,greek
the-crawfish-pot-and-oyster-bar-houston-7,cajun
the-crawfish-pot-and-oyster-bar-houston-7,seafood
hugos-houston,mexican
hugos-houston,breakfast_brunch
hugos-houston,vegetarian
taqueria-los-mexicanos-houston,restaurants
matties-catfish-kitchen-and-more-houston,fishnchips
matties-catfish-kitchen-and-more-houston,seafood
taqueria-del-sol-houston,tex-mex
taqueria-del-sol-houston,mexican
taqueria-del-sol-houston,desserts
sonora-tacos-and-hotdogs-houston,hotdog
sonora-tacos-and-hotdogs-houston,tacos
reef-houston,seafood
reef-houston,lounges
gusto-gourmet-houston,venezuelan
gusto-gourmet-houston,mediterranean
gusto-gourmet-houston,syrian
lucky-palace-korean-restaurant-houston,korean
lucky-palace-korean-restaurant-houston,bbq
esthers-cajun-cafe-and-soul-food-houston,soulfood
esthers-cajun-cafe-and-soul-food-houston,cajun
moms-country-kitchen-houston,tradamerican
melange-creperie-houston,creperies
melange-creperie-houston,foodstands
fusion-taco-houston-3,tacos
fusion-taco-houston-3,salad
fusion-taco-houston-3,soup
your-pie-houston,pizza
your-pie-houston,gelato
your-pie-houston,salad
simply-viet-houston-2,sandwiches
simply-viet-houston-2,vietnamese
simply-viet-houston-2,bubbletea
rio-verdence-houston,breakfast_brunch
rio-verdence-houston,mexican
bellagreen-houston-3,tradamerican
cafe-lili-houston-2,mideastern
cafe-lili-houston-2,mediterranean
cafe-lili-houston-2,greek
the-original-ninfas-on-navigation-houston-3,mexican
the-original-ninfas-on-navigation-houston-3,tex-mex
local-foods-houston-2,salad
local-foods-houston-2,sandwiches
local-foods-houston-2,tradamerican
gorditas-aguascalientes-houston-2,mexican
treebeards-houston-3,southern
treebeards-houston-3,cafeteria
satay-malaysian-restaurant-houston-3,malaysian
afandim-uyghur-restaurant-houston-3,halal
afandim-uyghur-restaurant-houston-3,asianfusion
the-halal-guys-houston,mideastern
the-halal-guys-houston,halal
pdq-houston,chickenshop
pdq-houston,sandwiches
pdq-houston,hotdogs
perry-and-sons-market-and-grille-houston-2,steak
perry-and-sons-market-and-grille-houston-2,burgers
perry-and-sons-market-and-grille-houston-2,seafood
pho-le-houston-2,vietnamese
pho-le-houston-2,soup
cane-rosso-houston,pizza
cane-rosso-houston,italian
bombay-pizza-houston,pizza
bombay-pizza-houston,indpak
bombay-pizza-houston,vegetarian
bullritos-houston-6,tex-mex
bullritos-houston-6,mexican
bo-ne-by-e-t-houston-2,vietnamese
myung-dong-restaurant-houston-2,korean
biskit-junkie-houston-2,southern
biskit-junkie-houston-2,breakfast_brunch
biskit-junkie-houston-2,waffles
houstons-restaurant-houston-3,tradamerican
houstons-restaurant-houston-3,newamerican
houstons-restaurant-houston-3,steak
pax-americana-houston,newamerican
pax-americana-houston,cocktailbars
cafe-adel-houston-2,modern_european
san-dong-noodle-house-houston,chinese
san-dong-noodle-house-houston,taiwanese
san-dong-noodle-house-houston,noodles
balls-out-burger-houston,burgers
balls-out-burger-houston,bars
afghan-express-houston,afghani
afghan-express-houston,mideastern
best-made-hamburgers-houston,hotdog
best-made-hamburgers-houston,foodstands
best-made-hamburgers-houston,burgers
hokkaido-japanese-restaurant-houston,japanese
hokkaido-japanese-restaurant-houston,sushi
kuen-noodle-house-houston-3,chinese
kuen-noodle-house-houston-3,ramen
kuen-noodle-house-houston-3,noodles
luna-y-sol-mexican-grill-houston,mexican
pollo-bravo-houston-9,peruvian
pappa-genos-steak-and-cheese-houston-2,sandwiches
pappa-genos-steak-and-cheese-houston-2,cheesesteaks
pappa-genos-steak-and-cheese-houston-2,burgers
los-cocos-restaurant-houston,mexican
les-baget-vietnamese-café-houston-3,vietnamese
les-baget-vietnamese-café-houston-3,breakfast_brunch
les-baget-vietnamese-café-houston-3,cafes
captain-bennys-half-shell-oyster-bar-houston,seafood
captain-bennys-half-shell-oyster-bar-houston,cajun
wild-kitchen-houston,cajun
wild-kitchen-houston,burgers
punta-cana-caribbean-restaurant-houston,latin
punta-cana-caribbean-restaurant-houston,dominican
punta-cana-caribbean-restaurant-houston,puertorican
good-dog-houston-3,hotdog
good-dog-houston-3,foodtrucks
pho-houston-houston,vietnamese
the-toasted-yolk-cafe-houston,breakfast_brunch
the-toasted-yolk-cafe-houston,newamerican
baby-barnabys-café-houston-2,breakfast_brunch
baby-barnabys-café-houston-2,cafes
baby-barnabys-café-houston-2,burgers
la-table-houston-3,desserts
la-table-houston-3,french
la-table-houston-3,mediterranean
istanbul-grill-houston,turkish
istanbul-grill-houston,mideastern
istanbul-grill-houston,mediterranean
real-deal-fast-foods-houston,restaurants
son-nam-restaurant-houston,vietnamese
la-fresca-pizza-houston-3,pizza
nosh-houston-2,coffee
nosh-houston-2,breakfast_brunch
nosh-houston-2,icecream
tacos-el-gato-houston,mexican
tacos-el-gato-houston,foodstands
liberty-kitchen-at-the-treehouse-houston-2,southern
liberty-kitchen-at-the-treehouse-houston-2,newamerican
liberty-kitchen-at-the-treehouse-houston-2,seafood
el-petate-houston,salvadoran
down-the-street-houston,cocktailbars
down-the-street-houston,tapasmallplates
pinkertons-barbecue-houston-2,bbq
pizzinis-italian-restaurant-houston,italian
xiongs-café-houston-3,chinese
xiongs-café-houston-3,noodles
xiongs-café-houston-3,soup
barnabys-cafe-houston-3,newamerican
barnabys-cafe-houston-3,breakfast_brunch
barnabys-cafe-houston-3,wine_bars
xin-jiang-bbq-houston,bbq
xin-jiang-bbq-houston,chinese
winbern-mess-hall-houston,asianfusion
winbern-mess-hall-houston,bars
taqueria-los-reyes-houston-3,mexican
dizzy-kaktus-houston,tex-mex
dizzy-kaktus-houston,tacos
dizzy-kaktus-houston,breakfast_brunch
good-eats-houston-3,tradamerican
good-eats-houston-3,newamerican
good-eats-houston-3,bbq
grindhouse-houston,donuts
grindhouse-houston,coffee
grindhouse-houston,sandwiches
joes-cafe-houston,southern
joes-cafe-houston,seafood
joes-cafe-houston,tradamerican
boudreauxs-cajun-kitchen-houston-8,cajun
boudreauxs-cajun-kitchen-houston-8,southern
boudreauxs-cajun-kitchen-houston-8,seafood
frenchys-chicken-houston-37,cajun
frenchys-chicken-houston-37,chickenshop
frenchys-chicken-houston-37,soulfood
roka-akor-houston-houston-3,sushi
roka-akor-houston-houston-3,steak
roka-akor-houston-houston-3,japanese
la-calle-tacos-houston,tacos
la-calle-tacos-houston,breakfast_brunch
da-marco-houston,italian
the-devine-affair-houston,newamerican
sushi-miyagi-houston,sushi
sushi-miyagi-houston,japanese
shawarma-stop-houston-4,mediterranean
shawarma-stop-houston-4,foodtrucks
shawarma-stop-houston-4,lebanese
the-waffle-bus-houston,sandwiches
the-waffle-bus-houston,foodtrucks
the-waffle-bus-houston,waffles
brother-in-laws-bar-b-que-houston,bbq
k-and-s-seafood-bar-and-grill-houston,seafood
k-and-s-seafood-bar-and-grill-houston,cajun
k-and-s-seafood-bar-and-grill-houston,sandwiches
jimmy-gs-houston-2,cajun
jimmy-gs-houston-2,seafood
torchys-tacos-houston-10,tex-mex
torchys-tacos-houston-10,tacos
atlas-pub-houston-2,gastropubs
avesta-persian-grill-houston-4,persian
avesta-persian-grill-houston-4,mideastern
avesta-persian-grill-houston-4,halal
niko-nikos-greek-and-american-cafe-houston,greek
niko-nikos-greek-and-american-cafe-houston,mediterranean
down-house-houston,bars
down-house-houston,breakfast_brunch
down-house-houston,coffee
china-101-express-houston,chinese
china-101-express-houston,asianfusion
alice-blue-houston,breakfast_brunch
alice-blue-houston,cocktailbars
alice-blue-houston,tradamerican
okome-don-houston-2,poke
okome-don-houston-2,salad
okome-don-houston-2,soup
fainmous-bbq-houston,bbq
osaka-japanese-steakhouse-houston,japanese
osaka-japanese-steakhouse-houston,sushi
osaka-japanese-steakhouse-houston,asianfusion
pasha-houston-3,turkish
pasha-houston-3,mediterranean
wokker-food-truck-houston-2,foodtrucks
wokker-food-truck-houston-2,asianfusion
doux-cafe-houston,creperies
doux-cafe-houston,coffee
doux-cafe-houston,waffles
saldivias-south-american-grill-houston-2,argentine
saldivias-south-american-grill-houston-2,latin
el-burro-and-the-bull-houston,bbq
pi-pizza-houston,pizza
pi-pizza-houston,bars
pi-pizza-houston,desserts
luna-pizzeria-houston-2,pizza
yia-yia-marys-hobby-airport-houston-3,mediterranean
yia-yia-marys-hobby-airport-houston-3,greek
hunan-bistro-houston-2,chinese
boil-house-houston,cajun
boil-house-houston,seafood
palomo-pit-bbq-houston,bbq
palomo-pit-bbq-houston,popuprestaurants
shake-shack-houston,burgers
shake-shack-houston,hotdog
bbs-cafe-houston-3,cajun
b-and-b-butchers-and-restaurant-houston-4,butcher
b-and-b-butchers-and-restaurant-houston-4,steak
b-and-b-butchers-and-restaurant-houston-4,cocktailbars
3-bros-kabab-house-houston,mideastern
3-bros-kabab-house-houston,kebab
abu-omar-halal-houston-3,foodtrucks
abu-omar-halal-houston-3,halal
abu-omar-halal-houston-3,arabian
luchi-and-joeys-houston-4,mexican
the-boot-houston,cajun
the-boot-houston,seafood
the-boot-houston,sportsbars
chef-liu-restaurant-houston,szechuan
pappas-seafood-house-houston-6,seafood
pappas-seafood-house-houston-6,bars
pappas-seafood-house-houston-6,cajun
the-brisket-house-houston-2,bbq
franks-pizza-houston,pizza
franks-pizza-houston,italian
franks-pizza-houston,burgers
hong-kongs-cafe-houston,cantonese
hong-kongs-cafe-houston,breakfast_brunch
hong-kongs-cafe-houston,hkcafe
tortoni-pasta-pizza-vino-houston-6,pizza
tortoni-pasta-pizza-vino-houston-6,italian
georges-pizza-and-italian-cuisine-houston,italian
telwink-grill-houston,tradamerican
telwink-grill-houston,diners
telwink-grill-houston,breakfast_brunch
acai-brasil-houston-3,juicebars
acai-brasil-houston-3,acaibowls
acai-brasil-houston-3,brazilian
classic-burger-houston,burgers
pappasitos-cantina-houston-33,tex-mex
pappasitos-cantina-houston-33,seafood
pappasitos-cantina-houston-33,desserts
park-grill-houston,sandwiches
park-grill-houston,tradamerican
park-grill-houston,breakfast_brunch
houstons-famous-deli-houston,delis
houstons-famous-deli-houston,sandwiches
houstons-famous-deli-houston,soup
el-tiempo-cantina-navigation-houston-2,mexican
el-tiempo-cantina-navigation-houston-2,tex-mex
pinks-pizza-houston-6,pizza
pinks-pizza-houston-6,italian
pinks-pizza-houston-6,gluten_free
taco-palenque-houston-houston,mexican
hang-xanh-sandwiches-and-boba-tea-zone-houston,vietnamese
hang-xanh-sandwiches-and-boba-tea-zone-houston,bubbletea
hang-xanh-sandwiches-and-boba-tea-zone-houston,sandwiches
the-union-kitchen-houston-3,newamerican
pho-binh-59-south-houston,vietnamese
pho-binh-59-south-houston,soup
the-pass-houston-6,newamerican
the-pass-houston-6,bars
los-meros-tacos-y-su-trompo-tribalero-houston,tacos
los-meros-tacos-y-su-trompo-tribalero-houston,foodtrucks
cool-runnings-jamaican-grill-houston,caribbean
cool-runnings-jamaican-grill-houston,tradamerican
cool-runnings-jamaican-grill-houston,cocktailbars
antojitos-salvadorenos-houston-2,salvadoran
jonjons-hot-dog-houston-2,hotdog
jonjons-hot-dog-houston-2,foodstands
ramen-fun-houston-2,ramen
ramen-fun-houston-2,noodles
la-original-lupitas-restaurant-houston,salvadoran
la-original-lupitas-restaurant-houston,mexican
the-flat-houston,lounges
the-flat-houston,newamerican
chicken-plus-houston-2,chickenshop
chicken-plus-houston-2,hotdogs
bistecca-houston,steak
bistecca-houston,italian
ko-bob-houston-2,korean
ko-bob-houston-2,foodtrucks
tacos-tec-lo-mejor-de-monterrey-houston,mexican
new-york-coffee-shop-houston,coffee
new-york-coffee-shop-houston,breakfast_brunch
new-york-coffee-shop-houston,bagels
muiishi-makirritos-houston,japanese
muiishi-makirritos-houston,foodtrucks
muiishi-makirritos-houston,sushi
tiger-den-houston,ramen
tiger-den-houston,izakaya
kenny-and-ziggys-new-york-delicatessen-houston,delis
kenny-and-ziggys-new-york-delicatessen-houston,tradamerican
hubcap-grill-houston,burgers
dögarz-döner-houston-2,mediterranean
dögarz-döner-houston-2,turkish
dögarz-döner-houston-2,german
jarro-cafe-houston-5,foodtrucks
jarro-cafe-houston-5,tacos
pappas-bros-steakhouse-houston,steak
empire-cafe-houston,coffee
empire-cafe-houston,breakfast_brunch
empire-cafe-houston,newamerican
cues-burgers-and-more-houston,burgers
the-caddy-shack-houston,bars
the-caddy-shack-houston,tradamerican
saltgrass-steak-house-houston-7,gluten_free
saltgrass-steak-house-houston-7,steak
punks-simple-southern-food-houston,southern
treebeards-houston-4,southern
treebeards-houston-4,cafeteria
pappa-charlies-barbeque-houston,bbq
goode-company-seafood-houston-2,seafood
goode-company-seafood-houston-2,desserts
goode-company-seafood-houston-2,wine_bars
hughies-heights-houston,vietnamese
hughies-heights-houston,newamerican
hughies-heights-houston,asianfusion
songkran-thai-kitchen-houston,thai
songkran-thai-kitchen-houston,cocktailbars
songkran-thai-kitchen-houston,desserts
beer-market-midtown-houston-3,beerbar
beer-market-midtown-houston-3,tradamerican
beer-market-midtown-houston-3,cocktailbars
