acai-brasil-houston-3,{u'reviews': [{u'url': u'https://www.yelp.com/biz/acai-brasil-houston-3?hrid=KFldlaqrP1SBCCjyCYGVOQ&adjust_creative=2Slx3F97ZFV4IU3uImzXaw&utm_campaign=yelp_api_v3&utm_medium=api_v3_business_reviews&utm_source=2Slx3F97ZFV4IU3uImzXaw', u'text': u'Love this place!! Great bowls and great service!!! Bowls are delicious with different options as toppings!! Definetly recommend', u'user': {u'image_url': None, u'name': u'Madison B.'}, u'time_created': u'2017-06-09 22:11:23', u'rating': 5}, {u'url': u'https://www.yelp.com/biz/acai-brasil-houston-3?hrid=zA156-FZNQWKR9MAYOIWPg&adjust_creative=2Slx3F97ZFV4IU3uImzXaw&utm_campaign=yelp_api_v3&utm_medium=api_v3_business_reviews&utm_source=2Slx3F97ZFV4IU3uImzXaw', u'text': u'What an amazing place!!! You get to enjoy amazing Brazilian treats such as brigadeiros, pao de queijo, Guarana soda, and the best a\xe7a\xec bowls!!!\nThe variety...', u'user': {u'image_url': u'https://s3-media3.fl.yelpcdn.com/photo/5B7ApnYcFtLIdmMr4ul55w/o.jpg', u'name': u'Fernando S.'}, u'time_created': u'2017-03-12 22:31:04', u'rating': 5}, {u'url': u'https://www.yelp.com/biz/acai-brasil-houston-3?hrid=YPsVZ9ksYOgnOhFSrEDIog&adjust_creative=2Slx3F97ZFV4IU3uImzXaw&utm_campaign=yelp_api_v3&utm_medium=api_v3_business_reviews&utm_source=2Slx3F97ZFV4IU3uImzXaw', u'text': u'This is my new go-to place. The acai is thick and smooth, like frozen yogurt and they top it with fresh berries and bananas. And when I say fresh, I mean...', u'user': {u'image_url': None, u'name': u'Marion P.'}, u'time_created': u'2017-06-06 10:24:50', u'rating': 5}], u'total': 6}
classic-burger-houston,{u'reviews': [{u'url': u'https://www.yelp.com/biz/classic-burger-houston?hrid=2JpVXhJgopKp9VeWJQ1Vuw&adjust_creative=2Slx3F97ZFV4IU3uImzXaw&utm_campaign=yelp_api_v3&utm_medium=api_v3_business_reviews&utm_source=2Slx3F97ZFV4IU3uImzXaw', u'text': u'Thanks to Yelp, I came here on a rainy day, hungry for comfort with the fam. We were all happy campers after these good eats! The lady who runs the place...', u'user': {u'image_url': u'https://s3-media3.fl.yelpcdn.com/photo/x7JLuyz9UPh9v0Q6TgtAqA/o.jpg', u'name': u"Chan'tel G."}, u'time_created': u'2017-01-21 00:25:02', u'rating': 5}, {u'url': u'https://www.yelp.com/biz/classic-burger-houston?hrid=B2F8Sc2GzO2l57DLyLmhdQ&adjust_creative=2Slx3F97ZFV4IU3uImzXaw&utm_campaign=yelp_api_v3&utm_medium=api_v3_business_reviews&utm_source=2Slx3F97ZFV4IU3uImzXaw', u'text': u'I was in town and decided to meet up with a former student for lunch and the place that we planned to go to was unexpectedly closed.  So a search on Yelp...', u'user': {u'image_url': u'https://s3-media4.fl.yelpcdn.com/photo/nxgOVfXbe7aYeLYpusVUIw/o.jpg', u'name': u'Son M.'}, u'time_created': u'2017-02-11 19:36:03', u'rating': 5}, {u'url': u'https://www.yelp.com/biz/classic-burger-houston?hrid=sGZEjzmLquS1Deo5KQ0QYQ&adjust_creative=2Slx3F97ZFV4IU3uImzXaw&utm_campaign=yelp_api_v3&utm_medium=api_v3_business_reviews&utm_source=2Slx3F97ZFV4IU3uImzXaw', u'text': u'Love this place great burgers and wings.My family calls in our order and everything  is  hot and ready when we get there and the breakfast 9n Saturday...', u'user': {u'image_url': u'https://s3-media4.fl.yelpcdn.com/photo/py2w0GNdrCbT0aCm1iOevw/o.jpg', u'name': u'Cedric L.'}, u'time_created': u'2017-05-19 19:07:34', u'rating': 4}], u'total': 18}
park-grill-houston,{u'reviews': [{u'url': u'https://www.yelp.com/biz/park-grill-houston?hrid=kbaRRUNDmzQB63DOHO1wbw&adjust_creative=2Slx3F97ZFV4IU3uImzXaw&utm_campaign=yelp_api_v3&utm_medium=api_v3_business_reviews&utm_source=2Slx3F97ZFV4IU3uImzXaw', u'text': u"We were spending the day at the HMNS and had tried to go eat at the McDonald's there but the line was outrageous...so I pulled out my phone and Yelp quickly...", u'user': {u'image_url': u'https://s3-media2.fl.yelpcdn.com/photo/ttlN9-RS_SPz53-2xTD5-Q/o.jpg', u'name': u'Erika W.'}, u'time_created': u'2017-05-20 08:53:26', u'rating': 4}, {u'url': u'https://www.yelp.com/biz/park-grill-houston?hrid=b5PvH147jmD-pL7rm2UqbQ&adjust_creative=2Slx3F97ZFV4IU3uImzXaw&utm_campaign=yelp_api_v3&utm_medium=api_v3_business_reviews&utm_source=2Slx3F97ZFV4IU3uImzXaw', u'text': u'Fast, friendly, tons of creative items on the menu and affordable! Great place and so glad we stopped by.', u'user': {u'image_url': u'https://s3-media2.fl.yelpcdn.com/photo/MMIivJWeAk8S38HTkv6hjw/o.jpg', u'name': u'Bradley W.'}, u'time_created': u'2017-06-16 08:50:40', u'rating': 5}, {u'url': u'https://www.yelp.com/biz/park-grill-houston?hrid=pMa7A75W7FHAIeViI6r7hw&adjust_creative=2Slx3F97ZFV4IU3uImzXaw&utm_campaign=yelp_api_v3&utm_medium=api_v3_business_reviews&utm_source=2Slx3F97ZFV4IU3uImzXaw', u'text': u"I love going to this place; it's super convenient since I work nearby (Museum discount of 5%!).\nAnd yes, just like everyone else has to say: AMAZING...", u'user': {u'image_url': None, u'name': u'Nat M.'}, u'time_created': u'2016-03-31 13:33:49', u'rating': 5}], u'total': 11}
houstons-famous-deli-houston,{u'reviews': [{u'url': u'https://www.yelp.com/biz/houstons-famous-deli-houston?hrid=Y_hhFI2amu0M3K24yDRVAg&adjust_creative=2Slx3F97ZFV4IU3uImzXaw&utm_campaign=yelp_api_v3&utm_medium=api_v3_business_reviews&utm_source=2Slx3F97ZFV4IU3uImzXaw', u'text': u"So lunch time was approaching today and I really wanted a sandwich. But I just didn't want to go to Subways or some plain jane sandwich place. So I searched...", u'user': {u'image_url': u'https://s3-media2.fl.yelpcdn.com/photo/BGdUGhDhqkRH0ZWqpUYUwA/o.jpg', u'name': u'David B.'}, u'time_created': u'2017-03-27 09:47:54', u'rating': 5}, {u'url': u'https://www.yelp.com/biz/houstons-famous-deli-houston?hrid=Ik_24MLVK5RqBw-_BBpamw&adjust_creative=2Slx3F97ZFV4IU3uImzXaw&utm_campaign=yelp_api_v3&utm_medium=api_v3_business_reviews&utm_source=2Slx3F97ZFV4IU3uImzXaw', u'text': u'Hidden gem in an old and tiny strip mall on Holly Hall. Cheap and delicious sandwiches. The owner is welcoming and always there to greet you and take your...', u'user': {u'image_url': u'https://s3-media2.fl.yelpcdn.com/photo/PDDGvs7S-iyUJBRpOvg_gw/o.jpg', u'name': u'Simon Y.'}, u'time_created': u'2017-09-07 09:27:11', u'rating': 5}, {u'url': u'https://www.yelp.com/biz/houstons-famous-deli-houston?hrid=Q_2uxpnIgFqBREWMpwWe5Q&adjust_creative=2Slx3F97ZFV4IU3uImzXaw&utm_campaign=yelp_api_v3&utm_medium=api_v3_business_reviews&utm_source=2Slx3F97ZFV4IU3uImzXaw', u'text': u'I have worked in the med center for 5+ years and never knew this place was so close. What an unsuspecting little gem in a strip center off of Holly...', u'user': {u'image_url': u'https://s3-media4.fl.yelpcdn.com/photo/DqbQrIXqBOLooAwdLzBcbg/o.jpg', u'name': u'Ryan S.'}, u'time_created': u'2017-01-20 20:44:43', u'rating': 5}], u'total': 100}
el-tiempo-cantina-navigation-houston-2,{u'reviews': [{u'url': u'https://www.yelp.com/biz/el-tiempo-cantina-navigation-houston-2?hrid=Zsrj0jz4Dg67eAWDbzim6w&adjust_creative=2Slx3F97ZFV4IU3uImzXaw&utm_campaign=yelp_api_v3&utm_medium=api_v3_business_reviews&utm_source=2Slx3F97ZFV4IU3uImzXaw', u'text': u'Excellence!!\n\nI come here onc or twice a month, and it is always good. But today was awesome, and I need to share. \n\nEl tiempo, founded by the Laurenzo...', u'user': {u'image_url': u'https://s3-media3.fl.yelpcdn.com/photo/wylvTxCMkjsKwInt26psMA/o.jpg', u'name': u'Anne K.'}, u'time_created': u'2017-06-29 20:34:54', u'rating': 5}, {u'url': u'https://www.yelp.com/biz/el-tiempo-cantina-navigation-houston-2?hrid=NFE2NBnFrM5KeR75iknhFw&adjust_creative=2Slx3F97ZFV4IU3uImzXaw&utm_campaign=yelp_api_v3&utm_medium=api_v3_business_reviews&utm_source=2Slx3F97ZFV4IU3uImzXaw', u'text': u"El Tiempo unexpectedly became my favorite Tex-Mex restaurant on the block after an underwhelming experience across the street. I've eaten here on several...", u'user': {u'image_url': u'https://s3-media2.fl.yelpcdn.com/photo/1zXypSjLquT-P6YIc6oBjA/o.jpg', u'name': u'Farran M.'}, u'time_created': u'2017-05-15 12:14:15', u'rating': 4}, {u'url': u'https://www.yelp.com/biz/el-tiempo-cantina-navigation-houston-2?hrid=YxTI7R4np6A5jLjo86aE9g&adjust_creative=2Slx3F97ZFV4IU3uImzXaw&utm_campaign=yelp_api_v3&utm_medium=api_v3_business_reviews&utm_source=2Slx3F97ZFV4IU3uImzXaw', u'text': u"I can honestly say this restaurant is my favorite place. This location... the others just aren't as good. \nHusband and I often have date nights here,...", u'user': {u'image_url': u'https://s3-media2.fl.yelpcdn.com/photo/ffl57FqYfi1KFPvJGW6H_Q/o.jpg', u'name': u'Katie M.'}, u'time_created': u'2017-03-24 12:28:54', u'rating': 5}], u'total': 204}
pinks-pizza-houston-6,{u'reviews': [{u'url': u'https://www.yelp.com/biz/pinks-pizza-houston-6?hrid=3dpZj--Gsj51HpatkH4WLA&adjust_creative=2Slx3F97ZFV4IU3uImzXaw&utm_campaign=yelp_api_v3&utm_medium=api_v3_business_reviews&utm_source=2Slx3F97ZFV4IU3uImzXaw', u'text': u'Classic campus pizza place.  Small dining room.  Nice bar with several beers on tap as well as spirits.  We tried both pizza by the slice and pizza to...', u'user': {u'image_url': u'https://s3-media3.fl.yelpcdn.com/photo/I-X9Snc6S9SM0KWCdrHD8Q/o.jpg', u'name': u'Barbara W.'}, u'time_created': u'2017-08-17 08:24:16', u'rating': 4}, {u'url': u'https://www.yelp.com/biz/pinks-pizza-houston-6?hrid=BclyV-cMir2SpHZIH-9uRg&adjust_creative=2Slx3F97ZFV4IU3uImzXaw&utm_campaign=yelp_api_v3&utm_medium=api_v3_business_reviews&utm_source=2Slx3F97ZFV4IU3uImzXaw', u'text': u"Er, I'm not sure what I was expecting, but I was not impressed at all. And I was starving so theoretically it should have tasted like the best damn pizza...", u'user': {u'image_url': u'https://s3-media2.fl.yelpcdn.com/photo/g_tcObR5uwr_qKYsE7_6iA/o.jpg', u'name': u'Saadiya R.'}, u'time_created': u'2017-04-16 05:48:34', u'rating': 2}, {u'url': u'https://www.yelp.com/biz/pinks-pizza-houston-6?hrid=JBoeUL0F-bfqQnQ9ayPAdA&adjust_creative=2Slx3F97ZFV4IU3uImzXaw&utm_campaign=yelp_api_v3&utm_medium=api_v3_business_reviews&utm_source=2Slx3F97ZFV4IU3uImzXaw', u'text': u"It was an NBA Monday, and me and my buddies were hungry for some pizza, and only delivery would do. We ordered from Pink's, the ordering experience sucked...", u'user': {u'image_url': u'https://s3-media1.fl.yelpcdn.com/photo/-9QT5KMusCTymXxVOMxHgw/o.jpg', u'name': u'Alex E.'}, u'time_created': u'2017-03-08 09:31:58', u'rating': 2}], u'total': 97}
taco-palenque-houston-houston,{u'reviews': [{u'url': u'https://www.yelp.com/biz/taco-palenque-houston-houston?hrid=rkt-sW6z7LbSPbfV5gnEVw&adjust_creative=2Slx3F97ZFV4IU3uImzXaw&utm_campaign=yelp_api_v3&utm_medium=api_v3_business_reviews&utm_source=2Slx3F97ZFV4IU3uImzXaw', u'text': u"the breakfast in the afternoon is THE BEST it's 2$ but you don't find that many places selling breakfast everyday ! And a fajita taco for 4.29!!? well add...", u'user': {u'image_url': u'https://s3-media1.fl.yelpcdn.com/photo/nL7nu_KsBve_x2GzQaWn-A/o.jpg', u'name': u'Laritza R.'}, u'time_created': u'2017-08-22 16:52:52', u'rating': 5}, {u'url': u'https://www.yelp.com/biz/taco-palenque-houston-houston?hrid=WudGeQHw2K2pkgUc5BXSCw&adjust_creative=2Slx3F97ZFV4IU3uImzXaw&utm_campaign=yelp_api_v3&utm_medium=api_v3_business_reviews&utm_source=2Slx3F97ZFV4IU3uImzXaw', u'text': u'I really hate giving giving one star ratings but I went to this spot late night i was the only guy in the drive through. I ordered a fajita burrito and a...', u'user': {u'image_url': u'https://s3-media1.fl.yelpcdn.com/photo/VDyFD7AHZEQgEv4I7iErYA/o.jpg', u'name': u'Remy C.'}, u'time_created': u'2017-08-22 10:47:08', u'rating': 1}, {u'url': u'https://www.yelp.com/biz/taco-palenque-houston-houston?hrid=NkMcOL2d4y2yYTCm6xliug&adjust_creative=2Slx3F97ZFV4IU3uImzXaw&utm_campaign=yelp_api_v3&utm_medium=api_v3_business_reviews&utm_source=2Slx3F97ZFV4IU3uImzXaw', u'text': u'I ordered tacos with corn tortillas. I was asked if I wanted the cebolla y cilantro on the taco or on the side. I asked to put on the taco. When I left from...', u'user': {u'image_url': u'https://s3-media1.fl.yelpcdn.com/photo/XbtmUI5h7CPF7C5C5YxxHA/o.jpg', u'name': u'Roel G.'}, u'time_created': u'2017-08-19 22:48:30', u'rating': 1}], u'total': 74}
hang-xanh-sandwiches-and-boba-tea-zone-houston,{u'reviews': [{u'url': u'https://www.yelp.com/biz/hang-xanh-sandwiches-and-boba-tea-zone-houston?hrid=39JGhaHXTExvLZEynxSiBg&adjust_creative=2Slx3F97ZFV4IU3uImzXaw&utm_campaign=yelp_api_v3&utm_medium=api_v3_business_reviews&utm_source=2Slx3F97ZFV4IU3uImzXaw', u'text': u'Rolled in here at 5:40pm for a quick dinner. Got a BBQ pork banh mi with egg and it was delicious. The bread perfectly crunchy and everything freshly made....', u'user': {u'image_url': u'https://s3-media2.fl.yelpcdn.com/photo/Y9oquWBjsT6xIJBMeSPcWA/o.jpg', u'name': u'Ariel H.'}, u'time_created': u'2017-04-27 18:25:43', u'rating': 5}, {u'url': u'https://www.yelp.com/biz/hang-xanh-sandwiches-and-boba-tea-zone-houston?hrid=vi0pWKEshduJn8OBREgSNg&adjust_creative=2Slx3F97ZFV4IU3uImzXaw&utm_campaign=yelp_api_v3&utm_medium=api_v3_business_reviews&utm_source=2Slx3F97ZFV4IU3uImzXaw', u'text': u'I love coming to support the local businesses! I grew up near this area and would go to the grocery store Hung Dong a few doors down as a kid on Sundays. I...', u'user': {u'image_url': u'https://s3-media2.fl.yelpcdn.com/photo/Icf26BTtWrEem5OjyRoX8w/o.jpg', u'name': u'Jenny S.'}, u'time_created': u'2017-09-05 21:14:55', u'rating': 4}, {u'url': u'https://www.yelp.com/biz/hang-xanh-sandwiches-and-boba-tea-zone-houston?hrid=0SQAPLg_HBjer5qCdl63EQ&adjust_creative=2Slx3F97ZFV4IU3uImzXaw&utm_campaign=yelp_api_v3&utm_medium=api_v3_business_reviews&utm_source=2Slx3F97ZFV4IU3uImzXaw', u'text': u'So this place has changed owners once again and remodeled! \nThey still serve sandwiches and smoothies but also have expanded their food menu to include...', u'user': {u'image_url': u'https://s3-media3.fl.yelpcdn.com/photo/wwQIQRAljKRtRMjqE0JSpQ/o.jpg', u'name': u'Amy Y.'}, u'time_created': u'2017-03-14 11:41:10', u'rating': 4}], u'total': 73}
the-union-kitchen-houston-3,{u'reviews': [{u'url': u'https://www.yelp.com/biz/the-union-kitchen-houston-3?hrid=X6oHMJdhYv7G2lHqaDfXjg&adjust_creative=2Slx3F97ZFV4IU3uImzXaw&utm_campaign=yelp_api_v3&utm_medium=api_v3_business_reviews&utm_source=2Slx3F97ZFV4IU3uImzXaw', u'text': u'Sometimes you eat for survival, other that survival turns into the pure embodiment of living. This is a story of how that can happen.\n\nService from the...', u'user': {u'image_url': u'https://s3-media1.fl.yelpcdn.com/photo/IWyAN1RnpFGgcJvKNbXzLw/o.jpg', u'name': u'Jose R.'}, u'time_created': u'2017-06-07 18:50:16', u'rating': 5}, {u'url': u'https://www.yelp.com/biz/the-union-kitchen-houston-3?hrid=3hRK40CVizy6SwiurUmTeg&adjust_creative=2Slx3F97ZFV4IU3uImzXaw&utm_campaign=yelp_api_v3&utm_medium=api_v3_business_reviews&utm_source=2Slx3F97ZFV4IU3uImzXaw', u'text': u"Wasn't impressed. Came here for lunch during Houston restaurant week. Will not come back. \n\nFirst of all service wasn't great. My waiter started vacuuming...", u'user': {u'image_url': u'https://s3-media3.fl.yelpcdn.com/photo/mu9Zo2UgeZpl2cpA7T14Sw/o.jpg', u'name': u'Natasha K.'}, u'time_created': u'2017-08-10 07:54:22', u'rating': 2}, {u'url': u'https://www.yelp.com/biz/the-union-kitchen-houston-3?hrid=raXeTRwqyJVmFXjvHOIebg&adjust_creative=2Slx3F97ZFV4IU3uImzXaw&utm_campaign=yelp_api_v3&utm_medium=api_v3_business_reviews&utm_source=2Slx3F97ZFV4IU3uImzXaw', u'text': u"I've been here before for brunch and the food had been great. However, with pre-made reservations I brought my family here for Mothers Day and it was a...", u'user': {u'image_url': u'https://s3-media1.fl.yelpcdn.com/photo/Ud8D40lPNOCjbknmW4YPgA/o.jpg', u'name': u'Brutus B.'}, u'time_created': u'2017-05-14 19:36:36', u'rating': 1}], u'total': 285}
pho-binh-59-south-houston,{u'reviews': [{u'url': u'https://www.yelp.com/biz/pho-binh-59-south-houston?hrid=YeU-3qOkZxETlJblxsQ-OQ&adjust_creative=2Slx3F97ZFV4IU3uImzXaw&utm_campaign=yelp_api_v3&utm_medium=api_v3_business_reviews&utm_source=2Slx3F97ZFV4IU3uImzXaw', u'text': u'I ordered their pho ga kho and it was good.I appreciate pho places that gives generous meat and noodles. Also the wait staff came around plenty of times to...', u'user': {u'image_url': u'https://s3-media2.fl.yelpcdn.com/photo/WW6KuwqLgHF6aypWd4AsQw/o.jpg', u'name': u'C N.'}, u'time_created': u'2017-07-21 11:26:20', u'rating': 5}, {u'url': u'https://www.yelp.com/biz/pho-binh-59-south-houston?hrid=iTzB_vH-DRcsHnSArSVZXg&adjust_creative=2Slx3F97ZFV4IU3uImzXaw&utm_campaign=yelp_api_v3&utm_medium=api_v3_business_reviews&utm_source=2Slx3F97ZFV4IU3uImzXaw', u'text': u"Like so many other Pho Binhs in town, this is a great spot for when the pho craving come knocking. \n\nThey have the full menu of options you'd expect,...", u'user': {u'image_url': u'https://s3-media2.fl.yelpcdn.com/photo/cOCG_GbTmYCIyaiQcxmgDA/o.jpg', u'name': u'Drew K.'}, u'time_created': u'2017-08-17 11:44:06', u'rating': 4}, {u'url': u'https://www.yelp.com/biz/pho-binh-59-south-houston?hrid=wLRFN4uXcq3ZO6y6G3ff8Q&adjust_creative=2Slx3F97ZFV4IU3uImzXaw&utm_campaign=yelp_api_v3&utm_medium=api_v3_business_reviews&utm_source=2Slx3F97ZFV4IU3uImzXaw', u'text': u"Smells like Pho Binh, looks like pho Binh, but dont taste like Pho Binh, or any pho I've ever had.\n\nThis is one of the off shoots from the Pho Binh family,...", u'user': {u'image_url': u'https://s3-media3.fl.yelpcdn.com/photo/-0HLj3wB5YEw5f1ERPl3fg/o.jpg', u'name': u'Tim J.'}, u'time_created': u'2017-06-18 18:16:18', u'rating': 3}], u'total': 207}
the-pass-houston-6,{u'reviews': [{u'url': u'https://www.yelp.com/biz/the-pass-houston-6?hrid=wBzt35MNAekj35Jamrt1Ow&adjust_creative=2Slx3F97ZFV4IU3uImzXaw&utm_campaign=yelp_api_v3&utm_medium=api_v3_business_reviews&utm_source=2Slx3F97ZFV4IU3uImzXaw', u'text': u"You know, it really just isn't fair that Michelin withholds it's bestowal of stars upon the good ol' South. I mean, c'mon! Houston is becoming a foodie...", u'user': {u'image_url': u'https://s3-media2.fl.yelpcdn.com/photo/BHBIIdH0rMNYEDXRmOusTw/o.jpg', u'name': u'Carolina B.'}, u'time_created': u'2017-08-04 08:03:28', u'rating': 5}, {u'url': u'https://www.yelp.com/biz/the-pass-houston-6?hrid=p3ElXM-Wr9ETQSSzDUQSBw&adjust_creative=2Slx3F97ZFV4IU3uImzXaw&utm_campaign=yelp_api_v3&utm_medium=api_v3_business_reviews&utm_source=2Slx3F97ZFV4IU3uImzXaw', u'text': u"Our experience here was in the form of a group event.  We arrived for a lecture, and we're seated in the second floor, the room I somewhat lovingly call the...", u'user': {u'image_url': u'https://s3-media3.fl.yelpcdn.com/photo/gMxeJpMpceAME7gYkWb3XA/o.jpg', u'name': u'Jason D.'}, u'time_created': u'2017-08-18 10:39:45', u'rating': 3}, {u'url': u'https://www.yelp.com/biz/the-pass-houston-6?hrid=UUJBAGnYPVoQONKlX3bnew&adjust_creative=2Slx3F97ZFV4IU3uImzXaw&utm_campaign=yelp_api_v3&utm_medium=api_v3_business_reviews&utm_source=2Slx3F97ZFV4IU3uImzXaw', u'text': u"I'm a lover of fine dining and I'm looking for my go-to in Houston.  I'm rooting for you guys, but you aren't there yet!\n\nLet me start with what I loved;\n*...", u'user': {u'image_url': u'https://s3-media1.fl.yelpcdn.com/photo/1KLNm_hY2_a7str6C11xJQ/o.jpg', u'name': u'Anthony F.'}, u'time_created': u'2017-08-13 10:43:01', u'rating': 3}], u'total': 222}
los-meros-tacos-y-su-trompo-tribalero-houston,{u'reviews': [{u'url': u'https://www.yelp.com/biz/los-meros-tacos-y-su-trompo-tribalero-houston?hrid=pEdg8AvYQ4hwtncD9rcfBQ&adjust_creative=2Slx3F97ZFV4IU3uImzXaw&utm_campaign=yelp_api_v3&utm_medium=api_v3_business_reviews&utm_source=2Slx3F97ZFV4IU3uImzXaw', u'text': u"I love eating tacos here!!! It's really good! This place gets pack but they have 2 locations! I even drive 15 mins to eat here! The service here is good!...", u'user': {u'image_url': u'https://s3-media2.fl.yelpcdn.com/photo/LllvlMHaGVG7yzMOzsPjAg/o.jpg', u'name': u'Maria N.'}, u'time_created': u'2017-07-21 20:44:06', u'rating': 5}, {u'url': u'https://www.yelp.com/biz/los-meros-tacos-y-su-trompo-tribalero-houston?hrid=LI9SE5pF1Iy6BWJt-ZpZ2w&adjust_creative=2Slx3F97ZFV4IU3uImzXaw&utm_campaign=yelp_api_v3&utm_medium=api_v3_business_reviews&utm_source=2Slx3F97ZFV4IU3uImzXaw', u'text': u'Delicious!! I will definitely be coming back! Meat was so juicy and fresh. Price was great, staff was friendly.', u'user': {u'image_url': None, u'name': u'John J.'}, u'time_created': u'2017-09-09 15:02:47', u'rating': 5}, {u'url': u'https://www.yelp.com/biz/los-meros-tacos-y-su-trompo-tribalero-houston?hrid=HhqJkH5znc-Ztr-sUn1C3A&adjust_creative=2Slx3F97ZFV4IU3uImzXaw&utm_campaign=yelp_api_v3&utm_medium=api_v3_business_reviews&utm_source=2Slx3F97ZFV4IU3uImzXaw', u'text': u'When my boyfriend said "Mexican street tacos," I went starry-eyed, so "I was excited" would be an understatement. Tacos de trompo are my all-time favorite,...', u'user': {u'image_url': u'https://s3-media4.fl.yelpcdn.com/photo/e9I1KrCCLoc-LExDZNEJig/o.jpg', u'name': u'Ivy D.'}, u'time_created': u'2016-10-17 00:05:06', u'rating': 3}], u'total': 41}
cool-runnings-jamaican-grill-houston,{u'reviews': [{u'url': u'https://www.yelp.com/biz/cool-runnings-jamaican-grill-houston?hrid=GX3tBIf7UuIC541YC5SKTA&adjust_creative=2Slx3F97ZFV4IU3uImzXaw&utm_campaign=yelp_api_v3&utm_medium=api_v3_business_reviews&utm_source=2Slx3F97ZFV4IU3uImzXaw', u'text': u'This was my second time for lunch and not my last. This time got a full order of the Goat Curry! With rice, beans and cabbage. Everything was super tasty....', u'user': {u'image_url': u'https://s3-media3.fl.yelpcdn.com/photo/JwCzXsMjRp07miaUWfcgBg/o.jpg', u'name': u'Grant N.'}, u'time_created': u'2017-04-26 18:30:33', u'rating': 5}, {u'url': u'https://www.yelp.com/biz/cool-runnings-jamaican-grill-houston?hrid=paa7Dv8cpZPvGy9qrNXNUg&adjust_creative=2Slx3F97ZFV4IU3uImzXaw&utm_campaign=yelp_api_v3&utm_medium=api_v3_business_reviews&utm_source=2Slx3F97ZFV4IU3uImzXaw', u'text': u"The food is GREAT but the service is HORRIBLE! \n\nThis was our first time here; we didn't know that there were 2 sides (one for dining in and one for to go...", u'user': {u'image_url': u'https://s3-media1.fl.yelpcdn.com/photo/uqGLXMnYEHsu4V__askaLg/o.jpg', u'name': u'Michelle A.'}, u'time_created': u'2017-08-13 19:13:07', u'rating': 2}, {u'url': u'https://www.yelp.com/biz/cool-runnings-jamaican-grill-houston?hrid=rb3bK-yb231F74q1l1BieQ&adjust_creative=2Slx3F97ZFV4IU3uImzXaw&utm_campaign=yelp_api_v3&utm_medium=api_v3_business_reviews&utm_source=2Slx3F97ZFV4IU3uImzXaw', u'text': u'I like the food and the service for the most part.   I have been coming here for years.  I like the curry chicken, and the dark meat jerk.  Used to enjoy...', u'user': {u'image_url': u'https://s3-media4.fl.yelpcdn.com/photo/R4cmHe9OLJ96a7HLIwBdjg/o.jpg', u'name': u'Ed K.'}, u'time_created': u'2017-08-11 08:19:36', u'rating': 2}], u'total': 286}
antojitos-salvadorenos-houston-2,{u'reviews': [{u'url': u'https://www.yelp.com/biz/antojitos-salvadorenos-houston-2?hrid=Km7bLCiUutn2WYEAPj2A6Q&adjust_creative=2Slx3F97ZFV4IU3uImzXaw&utm_campaign=yelp_api_v3&utm_medium=api_v3_business_reviews&utm_source=2Slx3F97ZFV4IU3uImzXaw', u'text': u'Pretty good pupusas, not the best but very good. Its a clean little place with very friendly staff. Would highly recommend this place if you are looking for...', u'user': {u'image_url': u'https://s3-media3.fl.yelpcdn.com/photo/9gXMl5_c93bM-o_pnw-3UQ/o.jpg', u'name': u'Lucia P.'}, u'time_created': u'2017-07-19 12:45:22', u'rating': 5}, {u'url': u'https://www.yelp.com/biz/antojitos-salvadorenos-houston-2?hrid=Zfudd5t5WvQmhwcLHFO_cA&adjust_creative=2Slx3F97ZFV4IU3uImzXaw&utm_campaign=yelp_api_v3&utm_medium=api_v3_business_reviews&utm_source=2Slx3F97ZFV4IU3uImzXaw', u'text': u"The food is great. Pupusas that are not greasy. Crisp curtido. Tamal elotes that tasted like you're processing the kernels on the spot. Prices are...", u'user': {u'image_url': u'https://s3-media2.fl.yelpcdn.com/photo/97se16ytJcztdpSDectxsQ/o.jpg', u'name': u'Vinh N.'}, u'time_created': u'2017-08-24 18:48:55', u'rating': 4}, {u'url': u'https://www.yelp.com/biz/antojitos-salvadorenos-houston-2?hrid=l8S6bDiCjIjZYeIjcsnV9Q&adjust_creative=2Slx3F97ZFV4IU3uImzXaw&utm_campaign=yelp_api_v3&utm_medium=api_v3_business_reviews&utm_source=2Slx3F97ZFV4IU3uImzXaw', u'text': u"YUM! As someone who's lived in MD and grew up eating Pupusas, I can say this place is great! Loved the cleanliness, service and food. Definitely nothing...", u'user': {u'image_url': u'https://s3-media1.fl.yelpcdn.com/photo/7r2fqvf_-7YpWZvWd84V0g/o.jpg', u'name': u'Jessica U.'}, u'time_created': u'2016-03-24 17:42:43', u'rating': 5}], u'total': 8}
jonjons-hot-dog-houston-2,{u'reviews': [{u'url': u'https://www.yelp.com/biz/jonjons-hot-dog-houston-2?hrid=gS6FzoSt9LhP54m7tPZWmQ&adjust_creative=2Slx3F97ZFV4IU3uImzXaw&utm_campaign=yelp_api_v3&utm_medium=api_v3_business_reviews&utm_source=2Slx3F97ZFV4IU3uImzXaw', u'text': u"I just love these hotdogs! Some people say they're way too hyped up but every time I go I can't get over their greatness. Just as good as yoyos in rice...", u'user': {u'image_url': u'https://s3-media2.fl.yelpcdn.com/photo/N3eM7BIzvG9CG95SNOKRLg/o.jpg', u'name': u'Oscar C.'}, u'time_created': u'2017-08-21 11:33:28', u'rating': 5}, {u'url': u'https://www.yelp.com/biz/jonjons-hot-dog-houston-2?hrid=dEMA4pZlyyuk-PGfvl0sSA&adjust_creative=2Slx3F97ZFV4IU3uImzXaw&utm_campaign=yelp_api_v3&utm_medium=api_v3_business_reviews&utm_source=2Slx3F97ZFV4IU3uImzXaw', u'text': u"YES the perfect finish to the end of a night out at midtown!! In short, a hot dog with a lot of sauces that tastes amazing whether you're drunk or sober. At...", u'user': {u'image_url': u'https://s3-media4.fl.yelpcdn.com/photo/WJ82IY_EtJybX8enMhiP5w/o.jpg', u'name': u'Brian T.'}, u'time_created': u'2017-08-26 07:09:34', u'rating': 4}, {u'url': u'https://www.yelp.com/biz/jonjons-hot-dog-houston-2?hrid=sxX2qdf24pYWc37xc2P7yw&adjust_creative=2Slx3F97ZFV4IU3uImzXaw&utm_campaign=yelp_api_v3&utm_medium=api_v3_business_reviews&utm_source=2Slx3F97ZFV4IU3uImzXaw', u'text': u"This is good value with friendly people selling you a good product. I was just a little underwhelmed after reading the hype.\n\nLet's be clear: It's a good...", u'user': {u'image_url': u'https://s3-media2.fl.yelpcdn.com/photo/7j-WiwE45UkxRTTT8rhOmA/o.jpg', u'name': u'Brian M.'}, u'time_created': u'2017-05-28 09:58:30', u'rating': 3}], u'total': 56}
ramen-fun-houston-2,{u'reviews': [{u'url': u'https://www.yelp.com/biz/ramen-fun-houston-2?hrid=dS17D49H4LZ8YXBAQKn50w&adjust_creative=2Slx3F97ZFV4IU3uImzXaw&utm_campaign=yelp_api_v3&utm_medium=api_v3_business_reviews&utm_source=2Slx3F97ZFV4IU3uImzXaw', u'text': u'Loved their ramen. Awesome service... Seriously. Left extra tip because our server was right there... Watching to see if we needed anything. The chicken...', u'user': {u'image_url': u'https://s3-media1.fl.yelpcdn.com/photo/4zPiriSnvvSynyGUKv449Q/o.jpg', u'name': u'Michael R.'}, u'time_created': u'2017-08-30 20:07:18', u'rating': 4}, {u'url': u'https://www.yelp.com/biz/ramen-fun-houston-2?hrid=svqITdpqajJBU6wYohmcCA&adjust_creative=2Slx3F97ZFV4IU3uImzXaw&utm_campaign=yelp_api_v3&utm_medium=api_v3_business_reviews&utm_source=2Slx3F97ZFV4IU3uImzXaw', u'text': u'We came across this plaza not too long ago, and decided to try this ramen place. The resturant reminded me a lot of one ramen place in houston. They had...', u'user': {u'image_url': u'https://s3-media1.fl.yelpcdn.com/photo/hHHgx4133xQlcesd8-WJ3A/o.jpg', u'name': u'Clara Y.'}, u'time_created': u'2017-08-17 15:16:13', u'rating': 3}, {u'url': u'https://www.yelp.com/biz/ramen-fun-houston-2?hrid=BCOleiHh8asvTPDVYmkvwg&adjust_creative=2Slx3F97ZFV4IU3uImzXaw&utm_campaign=yelp_api_v3&utm_medium=api_v3_business_reviews&utm_source=2Slx3F97ZFV4IU3uImzXaw', u'text': u"Ramen Fun is a fine example of how Houston is growing on the food map.\n\nIt's located in the Sun's Club shopping center on the North side. Again, having...", u'user': {u'image_url': u'https://s3-media1.fl.yelpcdn.com/photo/DqBqvFM0LDcFss3BR7bqSQ/o.jpg', u'name': u'Christine L.'}, u'time_created': u'2017-08-16 11:22:34', u'rating': 5}], u'total': 121}
la-original-lupitas-restaurant-houston,{u'reviews': [{u'url': u'https://www.yelp.com/biz/la-original-lupitas-restaurant-houston?hrid=_Lkud8rJlC7tLO4tuNFQvg&adjust_creative=2Slx3F97ZFV4IU3uImzXaw&utm_campaign=yelp_api_v3&utm_medium=api_v3_business_reviews&utm_source=2Slx3F97ZFV4IU3uImzXaw', u'text': u'Excellent service, food is always on point, great the environment, and great specials.', u'user': {u'image_url': u'https://s3-media3.fl.yelpcdn.com/photo/jMz6ldIr7fXw1a_wzZuk6A/o.jpg', u'name': u'Daniel A.'}, u'time_created': u'2017-01-17 10:41:36', u'rating': 5}, {u'url': u'https://www.yelp.com/biz/la-original-lupitas-restaurant-houston?hrid=3MIFP0t8b4dnm7LbEoyrFA&adjust_creative=2Slx3F97ZFV4IU3uImzXaw&utm_campaign=yelp_api_v3&utm_medium=api_v3_business_reviews&utm_source=2Slx3F97ZFV4IU3uImzXaw', u'text': u"I've been to many Mexican restaurants and had popusas at Salvadoran restaurants, but nothing tops La original lupitas! Everything is made fresh, tortillas...", u'user': {u'image_url': None, u'name': u'Erica A.'}, u'time_created': u'2017-06-21 18:06:35', u'rating': 5}, {u'url': u'https://www.yelp.com/biz/la-original-lupitas-restaurant-houston?hrid=yVsosAR6FDO1bYVJ-XoypA&adjust_creative=2Slx3F97ZFV4IU3uImzXaw&utm_campaign=yelp_api_v3&utm_medium=api_v3_business_reviews&utm_source=2Slx3F97ZFV4IU3uImzXaw', u'text': u'Excellent service food was great! Spicy salsa tho, hand made tortillas price reasonable', u'user': {u'image_url': u'https://s3-media2.fl.yelpcdn.com/photo/I7fJ5MrO50Hpv6oB0UHmIw/o.jpg', u'name': u'Erik H.'}, u'time_created': u'2016-09-27 08:50:45', u'rating': 5}], u'total': 5}
the-flat-houston,{u'reviews': [{u'url': u'https://www.yelp.com/biz/the-flat-houston?hrid=0Ln6QiyKfLRhI3ncrVclRQ&adjust_creative=2Slx3F97ZFV4IU3uImzXaw&utm_campaign=yelp_api_v3&utm_medium=api_v3_business_reviews&utm_source=2Slx3F97ZFV4IU3uImzXaw', u'text': u'The Flat is the most charming Beatnik era bar I have come upon in recent years. Truly a bohemian place where the nonconformist lifestyle is celebrated...', u'user': {u'image_url': u'https://s3-media4.fl.yelpcdn.com/photo/fZOjK2oxXG39Gw0vdNRGKA/o.jpg', u'name': u'Neha S.'}, u'time_created': u'2017-06-17 08:15:42', u'rating': 5}, {u'url': u'https://www.yelp.com/biz/the-flat-houston?hrid=Bt45hkgleiPdAPv57kxgQw&adjust_creative=2Slx3F97ZFV4IU3uImzXaw&utm_campaign=yelp_api_v3&utm_medium=api_v3_business_reviews&utm_source=2Slx3F97ZFV4IU3uImzXaw', u'text': u'If you find yourself in Houston, and wanting to get out and chill with friends at a laid back spot with great music and killer drinks--get to this place. My...', u'user': {u'image_url': u'https://s3-media2.fl.yelpcdn.com/photo/NkqoFKAUD7hfIL8fTH2w_Q/o.jpg', u'name': u'Tisha T.'}, u'time_created': u'2017-06-12 21:38:00', u'rating': 4}, {u'url': u'https://www.yelp.com/biz/the-flat-houston?hrid=iEWaa6klujtzJUYKo0bD0w&adjust_creative=2Slx3F97ZFV4IU3uImzXaw&utm_campaign=yelp_api_v3&utm_medium=api_v3_business_reviews&utm_source=2Slx3F97ZFV4IU3uImzXaw', u'text': u'I had only drinks here, but each was good. While the portion of liquor was adequate, the drinks could have dialed up the flavor a bit. We went during a down...', u'user': {u'image_url': u'https://s3-media2.fl.yelpcdn.com/photo/JyX_J3B0XQ0V4IcW-LnBrQ/o.jpg', u'name': u'Kristy A.'}, u'time_created': u'2017-06-02 01:24:24', u'rating': 4}], u'total': 205}
chicken-plus-houston-2,{u'reviews': [{u'url': u'https://www.yelp.com/biz/chicken-plus-houston-2?hrid=_DMl6bTKZCFUApFAugwEDw&adjust_creative=2Slx3F97ZFV4IU3uImzXaw&utm_campaign=yelp_api_v3&utm_medium=api_v3_business_reviews&utm_source=2Slx3F97ZFV4IU3uImzXaw', u'text': u'Great fried food with a taste like no other. The location, building and parking is not great but the chicken and fried fish makes up for it.\n\nApparently...', u'user': {u'image_url': u'https://s3-media1.fl.yelpcdn.com/photo/_nxh-J4C5I-0plIF5Hi0Vw/o.jpg', u'name': u'C B.'}, u'time_created': u'2016-05-06 22:25:59', u'rating': 4}, {u'url': u'https://www.yelp.com/biz/chicken-plus-houston-2?hrid=MChlwaJf5ZNaM7iJF9Hkww&adjust_creative=2Slx3F97ZFV4IU3uImzXaw&utm_campaign=yelp_api_v3&utm_medium=api_v3_business_reviews&utm_source=2Slx3F97ZFV4IU3uImzXaw', u'text': u'This is usually my go to spot for Great fried chicken but my experience this past Friday was subpar!!  I usually get good customer service when I go and...', u'user': {u'image_url': u'https://s3-media1.fl.yelpcdn.com/photo/E0pyOBLF6C2GYRPrc0HWIg/o.jpg', u'name': u'Omar F.'}, u'time_created': u'2017-08-13 10:01:12', u'rating': 1}, {u'url': u'https://www.yelp.com/biz/chicken-plus-houston-2?hrid=sXBaITDL08KO7XnjZ6CP0g&adjust_creative=2Slx3F97ZFV4IU3uImzXaw&utm_campaign=yelp_api_v3&utm_medium=api_v3_business_reviews&utm_source=2Slx3F97ZFV4IU3uImzXaw', u'text': u'A friend of mine recommended this place for fried chicken, so I decided to check it out during lunch one day. \n\nChicken Plus is your local neighborhood hood...', u'user': {u'image_url': u'https://s3-media2.fl.yelpcdn.com/photo/1zXypSjLquT-P6YIc6oBjA/o.jpg', u'name': u'Farran M.'}, u'time_created': u'2015-11-26 19:32:01', u'rating': 4}], u'total': 36}
bistecca-houston,{u'reviews': [{u'url': u'https://www.yelp.com/biz/bistecca-houston?hrid=hU7X0lkWgvT2xr5WN71NPw&adjust_creative=2Slx3F97ZFV4IU3uImzXaw&utm_campaign=yelp_api_v3&utm_medium=api_v3_business_reviews&utm_source=2Slx3F97ZFV4IU3uImzXaw', u'text': u"I thoroughly enjoyed my food here and I think it warrants a 5 star rating even though I'm not entirely sure that each meal here would be the same.  \n\nDown...", u'user': {u'image_url': u'https://s3-media2.fl.yelpcdn.com/photo/hm-aPhYMxe8cJkMRHmlNSQ/o.jpg', u'name': u'Moneesh S.'}, u'time_created': u'2017-09-11 12:54:24', u'rating': 5}, {u'url': u'https://www.yelp.com/biz/bistecca-houston?hrid=pJBAfctbqiAnFm0fvBSUOA&adjust_creative=2Slx3F97ZFV4IU3uImzXaw&utm_campaign=yelp_api_v3&utm_medium=api_v3_business_reviews&utm_source=2Slx3F97ZFV4IU3uImzXaw', u'text': u'Come here for HRWs, when we arrived, I was surprised there is a new building there. Love the way how they build it. Once you enter, the d\xe9cor is super...', u'user': {u'image_url': u'https://s3-media1.fl.yelpcdn.com/photo/4qNYg0rjhZvFsExDVaXSbQ/o.jpg', u'name': u'Na L.'}, u'time_created': u'2017-08-24 09:34:19', u'rating': 4}, {u'url': u'https://www.yelp.com/biz/bistecca-houston?hrid=W8kAbSaNYJ7wx-lfODQ2pQ&adjust_creative=2Slx3F97ZFV4IU3uImzXaw&utm_campaign=yelp_api_v3&utm_medium=api_v3_business_reviews&utm_source=2Slx3F97ZFV4IU3uImzXaw', u'text': u'Came here for HRW 2017. Loved the large windows because it gives the restaurant a lot of natural light. Service was good. The food was also pretty good, but...', u'user': {u'image_url': u'https://s3-media2.fl.yelpcdn.com/photo/eqrk_9n8TU0kBLIw0xcdvA/o.jpg', u'name': u'Alexandra W.'}, u'time_created': u'2017-08-19 12:33:43', u'rating': 4}], u'total': 104}
ko-bob-houston-2,{u'reviews': [{u'url': u'https://www.yelp.com/biz/ko-bob-houston-2?hrid=q3yjlp_NaHJ5WEU4-ypwpQ&adjust_creative=2Slx3F97ZFV4IU3uImzXaw&utm_campaign=yelp_api_v3&utm_medium=api_v3_business_reviews&utm_source=2Slx3F97ZFV4IU3uImzXaw', u'text': u'Okay alert! If you ever see this food truck around STOP IMMEDIATELY. This Korean food is sooooo good. When we went to the Japan Fest we got to eat here and...', u'user': {u'image_url': u'https://s3-media3.fl.yelpcdn.com/photo/jkipb6Kj2xmBkVqfT7yxgw/o.jpg', u'name': u'Janelle L.'}, u'time_created': u'2016-09-02 08:17:33', u'rating': 5}, {u'url': u'https://www.yelp.com/biz/ko-bob-houston-2?hrid=aP_zISMrq_w2DFVhS7oN2Q&adjust_creative=2Slx3F97ZFV4IU3uImzXaw&utm_campaign=yelp_api_v3&utm_medium=api_v3_business_reviews&utm_source=2Slx3F97ZFV4IU3uImzXaw', u'text': u'So I i initially wanted to take a picture to post alongside with the review, but to a certain extent, I could not restraint myself so I ended up eating all...', u'user': {u'image_url': u'https://s3-media1.fl.yelpcdn.com/photo/rvoaWaNaDAN6NAkELn41yQ/o.jpg', u'name': u'Frank N.'}, u'time_created': u'2016-07-22 13:35:48', u'rating': 5}, {u'url': u'https://www.yelp.com/biz/ko-bob-houston-2?hrid=5ZiwKakopJXF_LfS7Vs_iQ&adjust_creative=2Slx3F97ZFV4IU3uImzXaw&utm_campaign=yelp_api_v3&utm_medium=api_v3_business_reviews&utm_source=2Slx3F97ZFV4IU3uImzXaw', u'text': u"I'm extremely shocked that this food truck doesn't have a lot of views. This place is sooooo extremely good!! I ended up getting the Cow Bowl which comes...", u'user': {u'image_url': u'https://s3-media2.fl.yelpcdn.com/photo/QUYoaqSDpvM61kG1bIdB3g/o.jpg', u'name': u'Kaylan A.'}, u'time_created': u'2016-04-16 19:14:19', u'rating': 5}], u'total': 10}
tacos-tec-lo-mejor-de-monterrey-houston,{u'reviews': [{u'url': u'https://www.yelp.com/biz/tacos-tec-lo-mejor-de-monterrey-houston?hrid=qB-CmxZbBnTHyCbRaqV8fw&adjust_creative=2Slx3F97ZFV4IU3uImzXaw&utm_campaign=yelp_api_v3&utm_medium=api_v3_business_reviews&utm_source=2Slx3F97ZFV4IU3uImzXaw', u'text': u"By far my favorite tacos in Houston. Everytime I eat these tacos I feel like I'm eating tacos in Mexico. I like the Caprichos its basically tacos with...", u'user': {u'image_url': u'https://s3-media3.fl.yelpcdn.com/photo/YGythDClIFbUCRQL5uIOyQ/o.jpg', u'name': u'Liv G.'}, u'time_created': u'2017-07-20 18:35:01', u'rating': 5}, {u'url': u'https://www.yelp.com/biz/tacos-tec-lo-mejor-de-monterrey-houston?hrid=dJXc7GJRrwrnPA4tGGu0vg&adjust_creative=2Slx3F97ZFV4IU3uImzXaw&utm_campaign=yelp_api_v3&utm_medium=api_v3_business_reviews&utm_source=2Slx3F97ZFV4IU3uImzXaw', u'text': u'Open late and great! Leticia was so nice she gave us extra to try. We will defiantly be back.', u'user': {u'image_url': u'https://s3-media3.fl.yelpcdn.com/photo/NQfYKqZNCXODDHMVsdo4ww/o.jpg', u'name': u'Jaime G.'}, u'time_created': u'2017-09-08 01:02:09', u'rating': 4}, {u'url': u'https://www.yelp.com/biz/tacos-tec-lo-mejor-de-monterrey-houston?hrid=c8YbXpRrcgxBVPbH20uKEA&adjust_creative=2Slx3F97ZFV4IU3uImzXaw&utm_campaign=yelp_api_v3&utm_medium=api_v3_business_reviews&utm_source=2Slx3F97ZFV4IU3uImzXaw', u'text': u"This is the best tacos I've had since I visited Mexico. They got everything right. Bumping off 2 stars... They only accept cash you cannot use a credit card.", u'user': {u'image_url': u'https://s3-media1.fl.yelpcdn.com/photo/H97IQcwPy8RC1IRWP_n1wg/o.jpg', u'name': u'D M.'}, u'time_created': u'2017-07-20 15:00:32', u'rating': 3}], u'total': 28}
new-york-coffee-shop-houston,{u'reviews': [{u'url': u'https://www.yelp.com/biz/new-york-coffee-shop-houston?hrid=3Mjc5biG-NgIRQ-Pjat6dA&adjust_creative=2Slx3F97ZFV4IU3uImzXaw&utm_campaign=yelp_api_v3&utm_medium=api_v3_business_reviews&utm_source=2Slx3F97ZFV4IU3uImzXaw', u'text': u'My husband found a hidden gem! Why has it taken us so long to come here??? The service was excellent. I wanted to try everything on the menu. Unfortunately,...', u'user': {u'image_url': u'https://s3-media2.fl.yelpcdn.com/photo/bViuFU5dSAc0MBGZOH5joQ/o.jpg', u'name': u'Tina C.'}, u'time_created': u'2017-03-26 10:49:12', u'rating': 5}, {u'url': u'https://www.yelp.com/biz/new-york-coffee-shop-houston?hrid=Pc8NoMH5YV5pXtTwjSOIPw&adjust_creative=2Slx3F97ZFV4IU3uImzXaw&utm_campaign=yelp_api_v3&utm_medium=api_v3_business_reviews&utm_source=2Slx3F97ZFV4IU3uImzXaw', u'text': u"This place is home to me. I'm originally from New York and this place gives me the right vibes. Correct New York attitude from the owner, who also from New...", u'user': {u'image_url': u'https://s3-media4.fl.yelpcdn.com/photo/6Ulxzai0CCZD2AgO9HRZcw/o.jpg', u'name': u'Woo K.'}, u'time_created': u'2017-06-14 08:57:47', u'rating': 4}, {u'url': u'https://www.yelp.com/biz/new-york-coffee-shop-houston?hrid=-LxmCIqZF64KB8Lf6FoVyQ&adjust_creative=2Slx3F97ZFV4IU3uImzXaw&utm_campaign=yelp_api_v3&utm_medium=api_v3_business_reviews&utm_source=2Slx3F97ZFV4IU3uImzXaw', u'text': u'Do not choose Tuna Salad as the water is not drained off.\n\nHowever, everything else is awesome. Including the home fries, potato pancakes and the awesome...', u'user': {u'image_url': u'https://s3-media1.fl.yelpcdn.com/photo/z2ZOOK1HjTckX9FWJCoe8Q/o.jpg', u'name': u'Robert E.'}, u'time_created': u'2017-05-20 12:21:11', u'rating': 4}], u'total': 167}
muiishi-makirritos-houston,{u'reviews': [{u'url': u'https://www.yelp.com/biz/muiishi-makirritos-houston?hrid=VwkFufk8FAEdBNY1QkE0LQ&adjust_creative=2Slx3F97ZFV4IU3uImzXaw&utm_campaign=yelp_api_v3&utm_medium=api_v3_business_reviews&utm_source=2Slx3F97ZFV4IU3uImzXaw', u'text': u"I'm in heaven... Food heaven, that is. I got a chance to chat with Matt M, the owner of Muiishi Makirritos at my last food truck event. \n\nThe name is...", u'user': {u'image_url': u'https://s3-media2.fl.yelpcdn.com/photo/Z9hGeGidvgZsncolt2FdiQ/o.jpg', u'name': u'Lou C.'}, u'time_created': u'2017-08-08 21:01:09', u'rating': 5}, {u'url': u'https://www.yelp.com/biz/muiishi-makirritos-houston?hrid=sy3zAbAR99jQaCPg5SY5_g&adjust_creative=2Slx3F97ZFV4IU3uImzXaw&utm_campaign=yelp_api_v3&utm_medium=api_v3_business_reviews&utm_source=2Slx3F97ZFV4IU3uImzXaw', u'text': u'I was really excited to try this food truck after seeing their Korean-Japanese fusion menu.  I dropped by for dinner one night and ended up ordering the...', u'user': {u'image_url': u'https://s3-media2.fl.yelpcdn.com/photo/KKEWIcZ0c6TUyTjcYdQsrQ/o.jpg', u'name': u'Eric C.'}, u'time_created': u'2017-08-26 17:55:01', u'rating': 3}, {u'url': u'https://www.yelp.com/biz/muiishi-makirritos-houston?hrid=af5X01_U8zdc45B9HkJ33A&adjust_creative=2Slx3F97ZFV4IU3uImzXaw&utm_campaign=yelp_api_v3&utm_medium=api_v3_business_reviews&utm_source=2Slx3F97ZFV4IU3uImzXaw', u'text': u"Muiishi is one of the best food trucks in Houston. Their food is delicious and also always consistent. They've been around for years and still going...", u'user': {u'image_url': u'https://s3-media3.fl.yelpcdn.com/photo/rWRaVMaf1IVJlRLgDK3eOA/o.jpg', u'name': u'Nancy D.'}, u'time_created': u'2017-08-01 09:02:37', u'rating': 5}], u'total': 145}
tiger-den-houston,{u'reviews': [{u'url': u'https://www.yelp.com/biz/tiger-den-houston?hrid=oAHSb-eyoODTdp9TGg34Kg&adjust_creative=2Slx3F97ZFV4IU3uImzXaw&utm_campaign=yelp_api_v3&utm_medium=api_v3_business_reviews&utm_source=2Slx3F97ZFV4IU3uImzXaw', u'text': u"I've been meaning to try this place out for a while now. When the ramen craze started out a few years back, I always heard about this place being mentioned...", u'user': {u'image_url': u'https://s3-media1.fl.yelpcdn.com/photo/0a_X3Nw8CU-Hit45xLU7fw/o.jpg', u'name': u'Juncel A.'}, u'time_created': u'2017-09-13 09:36:33', u'rating': 4}, {u'url': u'https://www.yelp.com/biz/tiger-den-houston?hrid=sb5vgkDPq7Ua1BF0fWnw8A&adjust_creative=2Slx3F97ZFV4IU3uImzXaw&utm_campaign=yelp_api_v3&utm_medium=api_v3_business_reviews&utm_source=2Slx3F97ZFV4IU3uImzXaw', u'text': u"Disclaimer: didn't want to try at first because of bad reviews from friends, but a little pleasantly surprised. My office manager, who is Japanese, vouched...", u'user': {u'image_url': u'https://s3-media1.fl.yelpcdn.com/photo/DkAIK29P-NF63-AnJuA5Fw/o.jpg', u'name': u'Pandy S.'}, u'time_created': u'2017-09-09 23:42:27', u'rating': 3}, {u'url': u'https://www.yelp.com/biz/tiger-den-houston?hrid=icNYwEehf6hL71lvBgiJgQ&adjust_creative=2Slx3F97ZFV4IU3uImzXaw&utm_campaign=yelp_api_v3&utm_medium=api_v3_business_reviews&utm_source=2Slx3F97ZFV4IU3uImzXaw', u'text': u'One of the most popular eateries in Dun Huang Plaza with a waiting list that is constantly full and eager groups of people sitting outside my curiosity was...', u'user': {u'image_url': u'https://s3-media3.fl.yelpcdn.com/photo/Mszp0GKAiT2782QHVQ1IpA/o.jpg', u'name': u'Allen T.'}, u'time_created': u'2017-09-07 18:52:21', u'rating': 5}], u'total': 927}
kenny-and-ziggys-new-york-delicatessen-houston,{u'reviews': [{u'url': u'https://www.yelp.com/biz/kenny-and-ziggys-new-york-delicatessen-houston?hrid=QNI5L_Kds7tw5BwQvZ9BzA&adjust_creative=2Slx3F97ZFV4IU3uImzXaw&utm_campaign=yelp_api_v3&utm_medium=api_v3_business_reviews&utm_source=2Slx3F97ZFV4IU3uImzXaw', u'text': u'The portions are very large. Share and the price per person is reasonable. \n\nThe wait staff is amazing. Everyone employee there is pleased to help you. I...', u'user': {u'image_url': u'https://s3-media4.fl.yelpcdn.com/photo/5jtgZVOQQ_3CRNp7Xpbirw/o.jpg', u'name': u'Paul S.'}, u'time_created': u'2017-08-12 16:39:38', u'rating': 5}, {u'url': u'https://www.yelp.com/biz/kenny-and-ziggys-new-york-delicatessen-houston?hrid=jQbpuNqlslpm6JrEntkqTw&adjust_creative=2Slx3F97ZFV4IU3uImzXaw&utm_campaign=yelp_api_v3&utm_medium=api_v3_business_reviews&utm_source=2Slx3F97ZFV4IU3uImzXaw', u'text': u"Their bagel and cream cheese is the best I've ever had anywhere.  Also, their pastrami was perfect.  \n\nMy friend had a burger with Munster cheese and an egg...", u'user': {u'image_url': u'https://s3-media3.fl.yelpcdn.com/photo/N7WHblTmXXPow9_zoEqIaQ/o.jpg', u'name': u'Tom C.'}, u'time_created': u'2017-08-06 03:36:34', u'rating': 5}, {u'url': u'https://www.yelp.com/biz/kenny-and-ziggys-new-york-delicatessen-houston?hrid=hHPhZzIioFzp4JfeBc8USA&adjust_creative=2Slx3F97ZFV4IU3uImzXaw&utm_campaign=yelp_api_v3&utm_medium=api_v3_business_reviews&utm_source=2Slx3F97ZFV4IU3uImzXaw', u'text': u'Complete disappointment. On business travel and could have eaten anywhere, but saw his place thinking I\'d get a "real-deal" NY-style deli sandwich...and I\'d...', u'user': {u'image_url': u'https://s3-media2.fl.yelpcdn.com/photo/WIA8JaXLutDRhExmWcgqBg/o.jpg', u'name': u'Michael M.'}, u'time_created': u'2017-08-03 17:49:10', u'rating': 1}], u'total': 903}
hubcap-grill-houston,{u'reviews': [{u'url': u'https://www.yelp.com/biz/hubcap-grill-houston?hrid=4aRM2pW20y8rqFMEQ6p9aw&adjust_creative=2Slx3F97ZFV4IU3uImzXaw&utm_campaign=yelp_api_v3&utm_medium=api_v3_business_reviews&utm_source=2Slx3F97ZFV4IU3uImzXaw', u'text': u'Man, I love this place!  Working downtown, there not many burger places but there is hubcap grill.  Hands down the best burger in the city.  Do yourself a...', u'user': {u'image_url': u'https://s3-media3.fl.yelpcdn.com/photo/RGPKfOPzYYKz_-CrEVTvpQ/o.jpg', u'name': u'John H.'}, u'time_created': u'2017-09-13 10:54:08', u'rating': 5}, {u'url': u'https://www.yelp.com/biz/hubcap-grill-houston?hrid=zzT7dohIApvo094z-9X4TA&adjust_creative=2Slx3F97ZFV4IU3uImzXaw&utm_campaign=yelp_api_v3&utm_medium=api_v3_business_reviews&utm_source=2Slx3F97ZFV4IU3uImzXaw', u'text': u"This place is a little confusing. there are lots of handwritten signs and momentos everywhere. and it's cash only. I repeat CASH ONLY. Good thing I had a...", u'user': {u'image_url': u'https://s3-media1.fl.yelpcdn.com/photo/nKu_r25KLCs4mPr1q9B9Zw/o.jpg', u'name': u'Mackenzie J.'}, u'time_created': u'2017-06-22 10:36:16', u'rating': 5}, {u'url': u'https://www.yelp.com/biz/hubcap-grill-houston?hrid=Dag1QBb7DpBJJEOrZpBD9A&adjust_creative=2Slx3F97ZFV4IU3uImzXaw&utm_campaign=yelp_api_v3&utm_medium=api_v3_business_reviews&utm_source=2Slx3F97ZFV4IU3uImzXaw', u'text': u'Decent burgers and good fries with a local feel.  Super small building that they make the most of.  Seating in-doors and outside (between 2 buildings, but...', u'user': {u'image_url': u'https://s3-media4.fl.yelpcdn.com/photo/euFtlNnzJFxDdIAMjOG_pg/o.jpg', u'name': u'Nickie B.'}, u'time_created': u'2017-05-09 07:33:35', u'rating': 3}], u'total': 255}
dögarz-döner-houston-2,{u'reviews': [{u'url': u'https://www.yelp.com/biz/d%C3%B6garz-d%C3%B6ner-houston-2?hrid=GTfnHPWHk4dn_3hmCQYdpQ&adjust_creative=2Slx3F97ZFV4IU3uImzXaw&utm_campaign=yelp_api_v3&utm_medium=api_v3_business_reviews&utm_source=2Slx3F97ZFV4IU3uImzXaw', u'text': u'Oh my gosh!  Have the fish salad. Seriously. \nSo delicious. I got it non spicy. Was so good \nJust moved here and tried this place. I Will be back!!!', u'user': {u'image_url': u'https://s3-media1.fl.yelpcdn.com/photo/VdsiWr7mXXJVYT1UJKScwg/o.jpg', u'name': u'Carolyn E.'}, u'time_created': u'2017-07-21 15:35:45', u'rating': 5}, {u'url': u'https://www.yelp.com/biz/d%C3%B6garz-d%C3%B6ner-houston-2?hrid=rSxijh9-yXDwBbH1q6Ahkw&adjust_creative=2Slx3F97ZFV4IU3uImzXaw&utm_campaign=yelp_api_v3&utm_medium=api_v3_business_reviews&utm_source=2Slx3F97ZFV4IU3uImzXaw', u'text': u"I'm impressed for the wrong reasons. I am on the hunt for a doner similar to that I had in UK. It is a very simple type. Pita bread with thin slices of meat...", u'user': {u'image_url': u'https://s3-media3.fl.yelpcdn.com/photo/Rvh2nTjBcLD-zjnWgETiVA/o.jpg', u'name': u'Peter E.'}, u'time_created': u'2017-07-27 04:48:55', u'rating': 3}, {u'url': u'https://www.yelp.com/biz/d%C3%B6garz-d%C3%B6ner-houston-2?hrid=mgRzNV63aSDpQ-636FMeLQ&adjust_creative=2Slx3F97ZFV4IU3uImzXaw&utm_campaign=yelp_api_v3&utm_medium=api_v3_business_reviews&utm_source=2Slx3F97ZFV4IU3uImzXaw', u'text': u'So good and fresh. This doner style is with a fresh, light, fluffy, and thin bread. I tried both the donerMe and the donerFi - with a beef/lamb combo, or...', u'user': {u'image_url': u'https://s3-media2.fl.yelpcdn.com/photo/bWn1fOTymnH5SEqNGqGqAg/o.jpg', u'name': u'Jin C.'}, u'time_created': u'2017-07-14 15:20:12', u'rating': 5}], u'total': 257}
jarro-cafe-houston-5,{u'reviews': [{u'url': u'https://www.yelp.com/biz/jarro-cafe-houston-5?hrid=5QA3jS_EwUbHWgmTQgcuxw&adjust_creative=2Slx3F97ZFV4IU3uImzXaw&utm_campaign=yelp_api_v3&utm_medium=api_v3_business_reviews&utm_source=2Slx3F97ZFV4IU3uImzXaw', u'text': u'Best tacos in town indeed\nCochinita pibil are the best\nEither tortas or tacos even quesadillas', u'user': {u'image_url': u'https://s3-media4.fl.yelpcdn.com/photo/opvQ65giDePGMtm8XVmUjQ/o.jpg', u'name': u'Atlai R.'}, u'time_created': u'2017-08-01 13:08:51', u'rating': 5}, {u'url': u'https://www.yelp.com/biz/jarro-cafe-houston-5?hrid=S6oOPvtCTeo2A-1Po7mfyg&adjust_creative=2Slx3F97ZFV4IU3uImzXaw&utm_campaign=yelp_api_v3&utm_medium=api_v3_business_reviews&utm_source=2Slx3F97ZFV4IU3uImzXaw', u'text': u"Corn tortillas filled with beef/chorizo and onion and cilantro with a slice of avocado...loved it!!!  I'll be back for lunch before I drive back home.  The...", u'user': {u'image_url': u'https://s3-media3.fl.yelpcdn.com/photo/Dnlfv_cxGpCWOIKBMebiuw/o.jpg', u'name': u'Lee R.'}, u'time_created': u'2017-08-05 00:17:08', u'rating': 5}, {u'url': u'https://www.yelp.com/biz/jarro-cafe-houston-5?hrid=VOPHf2c_PPhs_R_UqAokng&adjust_creative=2Slx3F97ZFV4IU3uImzXaw&utm_campaign=yelp_api_v3&utm_medium=api_v3_business_reviews&utm_source=2Slx3F97ZFV4IU3uImzXaw', u'text': u'I had the fish taco and it was awesome.  Pure ambrosa! They offered 4 different hot sauces which were all good. The brown bottle is the hottest with the...', u'user': {u'image_url': u'https://s3-media1.fl.yelpcdn.com/photo/UBuR5hXlTsG9zB1BDbVzdw/o.jpg', u'name': u'LeScotcia S.'}, u'time_created': u'2016-04-28 17:08:57', u'rating': 5}], u'total': 38}
pappas-bros-steakhouse-houston,{u'reviews': [{u'url': u'https://www.yelp.com/biz/pappas-bros-steakhouse-houston?hrid=1twcw5x2OsQKo6Z52qQ1qQ&adjust_creative=2Slx3F97ZFV4IU3uImzXaw&utm_campaign=yelp_api_v3&utm_medium=api_v3_business_reviews&utm_source=2Slx3F97ZFV4IU3uImzXaw', u'text': u'No better dry-aged steak in the state. I mean that. \n\nService was impeccable-thank you Carolina!-and everything, from the creamy salted butter and fresh...', u'user': {u'image_url': u'https://s3-media3.fl.yelpcdn.com/photo/SdqbbRGge_udqQdjtHgYsA/o.jpg', u'name': u'Brennan P.'}, u'time_created': u'2017-09-06 19:18:58', u'rating': 5}, {u'url': u'https://www.yelp.com/biz/pappas-bros-steakhouse-houston?hrid=YrCgB_93_q6kWUksvHzzoQ&adjust_creative=2Slx3F97ZFV4IU3uImzXaw&utm_campaign=yelp_api_v3&utm_medium=api_v3_business_reviews&utm_source=2Slx3F97ZFV4IU3uImzXaw', u'text': u'My first experience with Pappas Bros Steakhouse was during HRW. I was more than blown away with the quality of the food and the outstanding service. I am...', u'user': {u'image_url': u'https://s3-media1.fl.yelpcdn.com/photo/PF5cHxANkPJS7WUKQHhoEQ/o.jpg', u'name': u'Chad M.'}, u'time_created': u'2017-09-02 05:28:29', u'rating': 5}, {u'url': u'https://www.yelp.com/biz/pappas-bros-steakhouse-houston?hrid=rib4LnAY2QhZDMa3HAMx2Q&adjust_creative=2Slx3F97ZFV4IU3uImzXaw&utm_campaign=yelp_api_v3&utm_medium=api_v3_business_reviews&utm_source=2Slx3F97ZFV4IU3uImzXaw', u'text': u"I hear nothing but good things about this place and this review won't steer anyone away. However, for Houston restaurant week it seems they had not planned...", u'user': {u'image_url': u'https://s3-media4.fl.yelpcdn.com/photo/_Gebh-H9S-0eKbAOKMJ9fg/o.jpg', u'name': u'John D.'}, u'time_created': u'2017-08-22 13:32:28', u'rating': 3}], u'total': 731}
empire-cafe-houston,{u'reviews': [{u'url': u'https://www.yelp.com/biz/empire-cafe-houston?hrid=Z3iFksDF5Pp98DIJgihtog&adjust_creative=2Slx3F97ZFV4IU3uImzXaw&utm_campaign=yelp_api_v3&utm_medium=api_v3_business_reviews&utm_source=2Slx3F97ZFV4IU3uImzXaw', u'text': u'Ordered Empire to-go through Yelp and it was ready within about 15 minutes. \n\nI submitted my order less than five minutes before they closed so I was super...', u'user': {u'image_url': u'https://s3-media3.fl.yelpcdn.com/photo/d6X2JjFF0V8fsS-GZrZSCg/o.jpg', u'name': u'Tee S.'}, u'time_created': u'2017-08-10 14:18:47', u'rating': 5}, {u'url': u'https://www.yelp.com/biz/empire-cafe-houston?hrid=LzSCiwv57U_vPTlo4nEMnQ&adjust_creative=2Slx3F97ZFV4IU3uImzXaw&utm_campaign=yelp_api_v3&utm_medium=api_v3_business_reviews&utm_source=2Slx3F97ZFV4IU3uImzXaw', u'text': u'Good food, great atmosphere!  Kids ordered breakfast tacos, single banana pancake, half order of French toast, breakfast quesadilla and I ordered the "Not...', u'user': {u'image_url': u'https://s3-media4.fl.yelpcdn.com/photo/NyFoLonXwcaotMUr04HN2w/o.jpg', u'name': u'Patrick B.'}, u'time_created': u'2017-08-05 10:27:45', u'rating': 5}, {u'url': u'https://www.yelp.com/biz/empire-cafe-houston?hrid=B75xg10pI1AHvNDWzaS7QA&adjust_creative=2Slx3F97ZFV4IU3uImzXaw&utm_campaign=yelp_api_v3&utm_medium=api_v3_business_reviews&utm_source=2Slx3F97ZFV4IU3uImzXaw', u'text': u'Got brunch here today. I got the eggs Benedict Florentine and blackberry sage tea. It was all delicious! A friend got the mimosa, which was strong and...', u'user': {u'image_url': u'https://s3-media4.fl.yelpcdn.com/photo/teWJ2a2fcdpG2nqH_VNtSA/o.jpg', u'name': u'Jessi G.'}, u'time_created': u'2017-07-29 18:37:35', u'rating': 5}], u'total': 1295}
cues-burgers-and-more-houston,{u'reviews': [{u'url': u'https://www.yelp.com/biz/cues-burgers-and-more-houston?hrid=kBXRsFbGo2CHqZ2vfkFEtQ&adjust_creative=2Slx3F97ZFV4IU3uImzXaw&utm_campaign=yelp_api_v3&utm_medium=api_v3_business_reviews&utm_source=2Slx3F97ZFV4IU3uImzXaw', u'text': u'Get the Morgan tacos for breakfast. They also have good chicken wings and crinkle cut fries.', u'user': {u'image_url': u'https://s3-media3.fl.yelpcdn.com/photo/MIB3gsflIS2m5-BE4xxEug/o.jpg', u'name': u'Hy N.'}, u'time_created': u'2017-07-28 17:57:41', u'rating': 5}, {u'url': u'https://www.yelp.com/biz/cues-burgers-and-more-houston?hrid=3ghJoX5Uhd-5Y25Z5GtedA&adjust_creative=2Slx3F97ZFV4IU3uImzXaw&utm_campaign=yelp_api_v3&utm_medium=api_v3_business_reviews&utm_source=2Slx3F97ZFV4IU3uImzXaw', u'text': u'My brother has been raving about this place for the longest and finally brought home some Morgan tacos! Usually breakfast tacos are small but this one is on...', u'user': {u'image_url': u'https://s3-media2.fl.yelpcdn.com/photo/83XWUwHpnNJPPmvh_rd1wQ/o.jpg', u'name': u'Kieu-Vi V.'}, u'time_created': u'2016-06-23 18:17:19', u'rating': 4}, {u'url': u'https://www.yelp.com/biz/cues-burgers-and-more-houston?hrid=DcJKlHOWnAtQW4TmDB6gBg&adjust_creative=2Slx3F97ZFV4IU3uImzXaw&utm_campaign=yelp_api_v3&utm_medium=api_v3_business_reviews&utm_source=2Slx3F97ZFV4IU3uImzXaw', u'text': u"Totally mom & pop eatery with solid, comforting food at a great price. They're so friendly and treat you like family here. Honestly, when you eat here,...", u'user': {u'image_url': u'https://s3-media2.fl.yelpcdn.com/photo/tNIyioCnic28f_mrrCI78g/o.jpg', u'name': u'Diana L.'}, u'time_created': u'2017-04-06 07:30:27', u'rating': 4}], u'total': 92}
the-caddy-shack-houston,{u'reviews': [{u'url': u'https://www.yelp.com/biz/the-caddy-shack-houston?hrid=YcrxjBDwOKq4jShGP8y0qw&adjust_creative=2Slx3F97ZFV4IU3uImzXaw&utm_campaign=yelp_api_v3&utm_medium=api_v3_business_reviews&utm_source=2Slx3F97ZFV4IU3uImzXaw', u'text': u'Friendly service. Limited menu and a bit too pricey but the food is good.  Turkey leg is tender and the jerk sauce is good, not too spicy, a little pepper...', u'user': {u'image_url': u'https://s3-media1.fl.yelpcdn.com/photo/eQslnHaIQVsx51qgvupnRw/o.jpg', u'name': u'Kim H.'}, u'time_created': u'2017-07-28 23:04:16', u'rating': 4}, {u'url': u'https://www.yelp.com/biz/the-caddy-shack-houston?hrid=ka9r7dnSEhvcmZQWZrshKw&adjust_creative=2Slx3F97ZFV4IU3uImzXaw&utm_campaign=yelp_api_v3&utm_medium=api_v3_business_reviews&utm_source=2Slx3F97ZFV4IU3uImzXaw', u'text': u"I had a great experience. Our server Dana was the best; he was friendly and accommodating!\nI ordered the peach tea (which was amazing because it wasn't too...", u'user': {u'image_url': u'https://s3-media2.fl.yelpcdn.com/photo/7WN8JmFUhxp9NNJemW1D9A/o.jpg', u'name': u'John B.'}, u'time_created': u'2017-03-16 13:15:21', u'rating': 5}, {u'url': u'https://www.yelp.com/biz/the-caddy-shack-houston?hrid=gOOWWQxKdhAZuA-AiBpurA&adjust_creative=2Slx3F97ZFV4IU3uImzXaw&utm_campaign=yelp_api_v3&utm_medium=api_v3_business_reviews&utm_source=2Slx3F97ZFV4IU3uImzXaw', u'text': u'Some of the best Turkey legs I have had. I have had a lot too. Meat just fell off bone', u'user': {u'image_url': u'https://s3-media2.fl.yelpcdn.com/photo/BR6uvkJ01N4J8IexNtJ8Iw/o.jpg', u'name': u'Roderick E.'}, u'time_created': u'2017-08-16 20:14:39', u'rating': 5}], u'total': 114}
saltgrass-steak-house-houston-7,{u'reviews': [{u'url': u'https://www.yelp.com/biz/saltgrass-steak-house-houston-7?hrid=-wyxJrXDDx8gvUJVZIyD1A&adjust_creative=2Slx3F97ZFV4IU3uImzXaw&utm_campaign=yelp_api_v3&utm_medium=api_v3_business_reviews&utm_source=2Slx3F97ZFV4IU3uImzXaw', u'text': u"This saltgrass is really good, very good customer service, especially Juan. He's a really good waiter. Food is always cooked to perfection, I always come...", u'user': {u'image_url': u'https://s3-media2.fl.yelpcdn.com/photo/WmGiU_Q9douNzEfQWapHXQ/o.jpg', u'name': u'Carlos S.'}, u'time_created': u'2017-07-04 11:12:30', u'rating': 5}, {u'url': u'https://www.yelp.com/biz/saltgrass-steak-house-houston-7?hrid=2jm4vuD-i8C1Z4VqCnSWgg&adjust_creative=2Slx3F97ZFV4IU3uImzXaw&utm_campaign=yelp_api_v3&utm_medium=api_v3_business_reviews&utm_source=2Slx3F97ZFV4IU3uImzXaw', u'text': u"This location is much better than other saltgrass that I've been to. Service is great. Staff are friend. Food is great and nice presentation. Staff kept...", u'user': {u'image_url': u'https://s3-media2.fl.yelpcdn.com/photo/2h82Ne3tQUOVP27IRlOHnw/o.jpg', u'name': u'Vivian H.'}, u'time_created': u'2017-07-03 16:23:20', u'rating': 5}, {u'url': u'https://www.yelp.com/biz/saltgrass-steak-house-houston-7?hrid=qZD7uP4g0DzyF5u4Vf0xng&adjust_creative=2Slx3F97ZFV4IU3uImzXaw&utm_campaign=yelp_api_v3&utm_medium=api_v3_business_reviews&utm_source=2Slx3F97ZFV4IU3uImzXaw', u'text': u'Wonderful meal Chicken Laredo with side of veggie, service, atmosphere!  We always love Saltgrass and make a effort to eat on our travels.', u'user': {u'image_url': u'https://s3-media4.fl.yelpcdn.com/photo/w19Q6e6YHUDxcAiTPNVxJg/o.jpg', u'name': u'Darline P.'}, u'time_created': u'2017-04-24 11:33:05', u'rating': 5}], u'total': 39}
punks-simple-southern-food-houston,{u'reviews': [{u'url': u'https://www.yelp.com/biz/punks-simple-southern-food-houston?hrid=wjejjXp1EwgGu6IqgeueXw&adjust_creative=2Slx3F97ZFV4IU3uImzXaw&utm_campaign=yelp_api_v3&utm_medium=api_v3_business_reviews&utm_source=2Slx3F97ZFV4IU3uImzXaw', u'text': u'Restaurant is super gorgeous. However the tables and chairs are very light and not sturdy.\nService was excellent, fast and attentive. \nFood was good, I...', u'user': {u'image_url': u'https://s3-media1.fl.yelpcdn.com/photo/R0EmuhVqcWC-ZEQ5G7Bvog/o.jpg', u'name': u'Mia W.'}, u'time_created': u'2017-05-07 09:31:26', u'rating': 4}, {u'url': u'https://www.yelp.com/biz/punks-simple-southern-food-houston?hrid=_PLiUeQiCqZrHJI8-D6IUQ&adjust_creative=2Slx3F97ZFV4IU3uImzXaw&utm_campaign=yelp_api_v3&utm_medium=api_v3_business_reviews&utm_source=2Slx3F97ZFV4IU3uImzXaw', u'text': u'Pretty underwhelmed, particularly for the price ($50 for family of 3 without any drinks).  \n\nMy son had mac and cheese meal which came with some red grapes...', u'user': {u'image_url': u'https://s3-media3.fl.yelpcdn.com/photo/QK1ZpAXGr1Jfy2Nd54jX-g/o.jpg', u'name': u'Andy S.'}, u'time_created': u'2017-08-23 19:25:23', u'rating': 2}, {u'url': u'https://www.yelp.com/biz/punks-simple-southern-food-houston?hrid=44nWTEucquw0cxV3fdWBgA&adjust_creative=2Slx3F97ZFV4IU3uImzXaw&utm_campaign=yelp_api_v3&utm_medium=api_v3_business_reviews&utm_source=2Slx3F97ZFV4IU3uImzXaw', u'text': u'Dang!  I really had high hopes for this place.  Not horrible but not that great either.  My Best Friend and I decided we wanted some southern food.  We are...', u'user': {u'image_url': u'https://s3-media3.fl.yelpcdn.com/photo/PWA8x0wIzDRnh2RUAlx3Qg/o.jpg', u'name': u'Germaine B. B.'}, u'time_created': u'2017-08-13 15:58:00', u'rating': 3}], u'total': 382}
treebeards-houston-4,{u'reviews': [{u'url': u'https://www.yelp.com/biz/treebeards-houston-4?hrid=wZdLGMwsvDXeppCr8oXlXw&adjust_creative=2Slx3F97ZFV4IU3uImzXaw&utm_campaign=yelp_api_v3&utm_medium=api_v3_business_reviews&utm_source=2Slx3F97ZFV4IU3uImzXaw', u'text': u'I like to get the "rookie" it is two entrees on one plate. The gumbo and etouffee are the best. There are several locations downtown, all easy to access by...', u'user': {u'image_url': u'https://s3-media1.fl.yelpcdn.com/photo/NPuqgJoYHUSijJ5IVpg5ig/o.jpg', u'name': u'Desiare D.'}, u'time_created': u'2017-06-12 13:37:49', u'rating': 5}, {u'url': u'https://www.yelp.com/biz/treebeards-houston-4?hrid=aI6qaHFG278FOMwleV9l-g&adjust_creative=2Slx3F97ZFV4IU3uImzXaw&utm_campaign=yelp_api_v3&utm_medium=api_v3_business_reviews&utm_source=2Slx3F97ZFV4IU3uImzXaw', u'text': u'This week was my first experience with Treebeards.  This location is inside the Episcopal Cathedral downtown near the courthouse area.    This is cafeteria...', u'user': {u'image_url': u'https://s3-media4.fl.yelpcdn.com/photo/f716079EiBz_fOAsaKTuxA/o.jpg', u'name': u'Mike S.'}, u'time_created': u'2017-08-25 07:25:55', u'rating': 4}, {u'url': u'https://www.yelp.com/biz/treebeards-houston-4?hrid=BV6DRjDTjZOOzlGUvaf0gA&adjust_creative=2Slx3F97ZFV4IU3uImzXaw&utm_campaign=yelp_api_v3&utm_medium=api_v3_business_reviews&utm_source=2Slx3F97ZFV4IU3uImzXaw', u'text': u"Treebeards on its own is amazing. I can't believe I used to avoid this place because I didn't think I liked 'cajun' food, but I've since seen the error of...", u'user': {u'image_url': u'https://s3-media3.fl.yelpcdn.com/photo/b-6j5wM-GkzrHRY88XuPLA/o.jpg', u'name': u'Melinda R.'}, u'time_created': u'2017-02-10 13:37:56', u'rating': 5}], u'total': 23}
pappa-charlies-barbeque-houston,{u'reviews': [{u'url': u'https://www.yelp.com/biz/pappa-charlies-barbeque-houston?hrid=TmTbGSJnqLAJIitVkYMIvw&adjust_creative=2Slx3F97ZFV4IU3uImzXaw&utm_campaign=yelp_api_v3&utm_medium=api_v3_business_reviews&utm_source=2Slx3F97ZFV4IU3uImzXaw', u'text': u"I can say without a doubt this is some of the best barbecue in Houston. I've been here twice and greatly enjoyed my first experience. The brisket left...", u'user': {u'image_url': u'https://s3-media4.fl.yelpcdn.com/photo/MXdyYI7TDuo3O886MS9_bQ/o.jpg', u'name': u'Clay C.'}, u'time_created': u'2017-07-05 18:17:49', u'rating': 5}, {u'url': u'https://www.yelp.com/biz/pappa-charlies-barbeque-houston?hrid=2kkwZiWVMi4_nmtjpd8qjQ&adjust_creative=2Slx3F97ZFV4IU3uImzXaw&utm_campaign=yelp_api_v3&utm_medium=api_v3_business_reviews&utm_source=2Slx3F97ZFV4IU3uImzXaw', u'text': u'Brisket lacked flavor.  Boudin filling was over seasoned.  Bread was stale.  Cream corn was pretty good.  Mac and cheese tasted like it was left out for a...', u'user': {u'image_url': u'https://s3-media4.fl.yelpcdn.com/photo/ojjiaRXcnqwdq1oHWqLKiQ/o.jpg', u'name': u'Eric C.'}, u'time_created': u'2017-07-10 06:27:18', u'rating': 2}, {u'url': u'https://www.yelp.com/biz/pappa-charlies-barbeque-houston?hrid=ejpoHfr9PQ2uVjG11kyLsg&adjust_creative=2Slx3F97ZFV4IU3uImzXaw&utm_campaign=yelp_api_v3&utm_medium=api_v3_business_reviews&utm_source=2Slx3F97ZFV4IU3uImzXaw', u'text': u"I jumped on Yelp and typed in BBQ. Papa Charlie's was on the options. \nWell, here I am. Lol\nParking sucks. About 10 available spots and they were full....", u'user': {u'image_url': u'https://s3-media2.fl.yelpcdn.com/photo/zyzKAjUGhVXo4iuCQyoo5Q/o.jpg', u'name': u'Malachai S.'}, u'time_created': u'2017-05-27 10:32:36', u'rating': 3}], u'total': 212}
goode-company-seafood-houston-2,{u'reviews': [{u'url': u'https://www.yelp.com/biz/goode-company-seafood-houston-2?hrid=MwaesPlOzBRay0f5k2aLeQ&adjust_creative=2Slx3F97ZFV4IU3uImzXaw&utm_campaign=yelp_api_v3&utm_medium=api_v3_business_reviews&utm_source=2Slx3F97ZFV4IU3uImzXaw', u'text': u"I hadn't been to this location in quite s while and forgotten just how busy the place can be.  Or, the size of the dining area.   Fortunately, I had made...", u'user': {u'image_url': u'https://s3-media2.fl.yelpcdn.com/photo/OpqNBFszhhjIbCySnvSs1w/o.jpg', u'name': u'Ed S.'}, u'time_created': u'2017-07-02 15:48:40', u'rating': 4}, {u'url': u'https://www.yelp.com/biz/goode-company-seafood-houston-2?hrid=d8gWhc37Cy7beOY1SkiO8g&adjust_creative=2Slx3F97ZFV4IU3uImzXaw&utm_campaign=yelp_api_v3&utm_medium=api_v3_business_reviews&utm_source=2Slx3F97ZFV4IU3uImzXaw', u'text': u'Customer beware! \n\nFood is very good and service is great however this restaurant has car THEFT PROBLEMS. My car and another customers vehicles were broken...', u'user': {u'image_url': u'https://s3-media3.fl.yelpcdn.com/photo/EPurv_euUUnSt5fP6ju7_w/o.jpg', u'name': u'Ray G.'}, u'time_created': u'2017-09-06 17:37:22', u'rating': 1}, {u'url': u'https://www.yelp.com/biz/goode-company-seafood-houston-2?hrid=U0ImqDUIu0IGKvhDrH9sHg&adjust_creative=2Slx3F97ZFV4IU3uImzXaw&utm_campaign=yelp_api_v3&utm_medium=api_v3_business_reviews&utm_source=2Slx3F97ZFV4IU3uImzXaw', u'text': u'A dinner from two months ago, it was my first dining experience in this renowned seafood restaurant with my love one, we were extremely disappointed with...', u'user': {u'image_url': u'https://s3-media3.fl.yelpcdn.com/photo/6LvLiH5N1ox7lIgKVjQbug/o.jpg', u'name': u'David Y.'}, u'time_created': u'2017-08-21 22:50:10', u'rating': 2}], u'total': 229}
hughies-heights-houston,{u'reviews': [{u'url': u'https://www.yelp.com/biz/hughies-heights-houston?hrid=ajuj0Gr4e6t3h7WNNznxtQ&adjust_creative=2Slx3F97ZFV4IU3uImzXaw&utm_campaign=yelp_api_v3&utm_medium=api_v3_business_reviews&utm_source=2Slx3F97ZFV4IU3uImzXaw', u'text': u"So you guys know I've been a fan of the original Hughie's (on 18th) since the beginning! I was super excited to hear of the new Hughie's opening and came...", u'user': {u'image_url': u'https://s3-media1.fl.yelpcdn.com/photo/DqBqvFM0LDcFss3BR7bqSQ/o.jpg', u'name': u'Christine L.'}, u'time_created': u'2017-08-16 11:39:09', u'rating': 5}, {u'url': u'https://www.yelp.com/biz/hughies-heights-houston?hrid=cbn2nCgvPDt475cRO0klow&adjust_creative=2Slx3F97ZFV4IU3uImzXaw&utm_campaign=yelp_api_v3&utm_medium=api_v3_business_reviews&utm_source=2Slx3F97ZFV4IU3uImzXaw', u'text': u"While everyone is sort of watching for the Solar Eclipse, it was cloudy, Hannah and I are trying Hughie's in the Heights for the first time!  We were really...", u'user': {u'image_url': u'https://s3-media4.fl.yelpcdn.com/photo/HplePJ8lbDJt7tBr-GaDig/o.jpg', u'name': u'Soo K.'}, u'time_created': u'2017-09-02 16:18:18', u'rating': 3}, {u'url': u'https://www.yelp.com/biz/hughies-heights-houston?hrid=RWJhNoAHx_s2CdBrXKDJ4A&adjust_creative=2Slx3F97ZFV4IU3uImzXaw&utm_campaign=yelp_api_v3&utm_medium=api_v3_business_reviews&utm_source=2Slx3F97ZFV4IU3uImzXaw', u'text': u'Been a big fan of their original location so when I found out that they opened up another location just had to check it out.  When we got there I realized...', u'user': {u'image_url': u'https://s3-media1.fl.yelpcdn.com/photo/vM6evCYxAqeHcqsYBLSKwA/o.jpg', u'name': u'David N.'}, u'time_created': u'2017-08-14 19:59:06', u'rating': 4}], u'total': 13}
beer-market-houston-11,{u'reviews': [{u'url': u'https://www.yelp.com/biz/beer-market-houston-11?hrid=wXIaOFOcuNSoyaMqUyqaUw&adjust_creative=2Slx3F97ZFV4IU3uImzXaw&utm_campaign=yelp_api_v3&utm_medium=api_v3_business_reviews&utm_source=2Slx3F97ZFV4IU3uImzXaw', u'text': u"Love this place so far. We've come a few times for their daily specials. They have a lot of good deals that are different every day of the week, as well as...", u'user': {u'image_url': u'https://s3-media2.fl.yelpcdn.com/photo/eqrk_9n8TU0kBLIw0xcdvA/o.jpg', u'name': u'Alexandra W.'}, u'time_created': u'2017-09-06 13:28:01', u'rating': 5}, {u'url': u'https://www.yelp.com/biz/beer-market-houston-11?hrid=qbwAnd7EFh1bz_zjyo8-BA&adjust_creative=2Slx3F97ZFV4IU3uImzXaw&utm_campaign=yelp_api_v3&utm_medium=api_v3_business_reviews&utm_source=2Slx3F97ZFV4IU3uImzXaw', u'text': u'Background: we came with a group of 8 for a draft party on Labor Day Monday after Hurricane Harvey. All tvs are on and everything was functioning.\n\nPros:...', u'user': {u'image_url': u'https://s3-media3.fl.yelpcdn.com/photo/aQXq3lOofut9lrMvRm7w8w/o.jpg', u'name': u'Christine N.'}, u'time_created': u'2017-09-04 15:33:03', u'rating': 2}, {u'url': u'https://www.yelp.com/biz/beer-market-houston-11?hrid=DYfOkE3tI68jmtKTSzLsuA&adjust_creative=2Slx3F97ZFV4IU3uImzXaw&utm_campaign=yelp_api_v3&utm_medium=api_v3_business_reviews&utm_source=2Slx3F97ZFV4IU3uImzXaw', u'text': u'My first time at the Beer Market was last night for the game and man where they packed! They have the perfect setup for game day to say the least! With a...', u'user': {u'image_url': u'https://s3-media1.fl.yelpcdn.com/photo/ehknOYnPrQm5X-G7Kbn_oQ/o.jpg', u'name': u'Rachel M.'}, u'time_created': u'2017-09-04 08:05:16', u'rating': 4}], u'total': 13}
bbs-cafe-houston-9,{u'reviews': [{u'url': u'https://www.yelp.com/biz/bbs-cafe-houston-9?hrid=g0rf3RLl8V9c3Wj5wZqzYQ&adjust_creative=2Slx3F97ZFV4IU3uImzXaw&utm_campaign=yelp_api_v3&utm_medium=api_v3_business_reviews&utm_source=2Slx3F97ZFV4IU3uImzXaw', u'text': u"BB's Tex-New Orleans restraurant is a Great find!! The shrimp poboys have just enough sauce and ingredients to be a mouthful but not too much to fall apart...", u'user': {u'image_url': u'https://s3-media4.fl.yelpcdn.com/photo/iJIfwI8oIDS626S43YiLvQ/o.jpg', u'name': u'Yolanda Nan J.'}, u'time_created': u'2017-06-11 06:19:14', u'rating': 5}, {u'url': u'https://www.yelp.com/biz/bbs-cafe-houston-9?hrid=CfwEDkgjoD8YrPa82MfCFg&adjust_creative=2Slx3F97ZFV4IU3uImzXaw&utm_campaign=yelp_api_v3&utm_medium=api_v3_business_reviews&utm_source=2Slx3F97ZFV4IU3uImzXaw', u'text': u'Stopped by a few weeks ago with another.  I had been hyping this place up for awhile now, and when a location opened nearby, I anticipated a...', u'user': {u'image_url': u'https://s3-media3.fl.yelpcdn.com/photo/nVbKBBPSLJbp8vqhYGFErw/o.jpg', u'name': u'Patty C.'}, u'time_created': u'2017-08-10 07:03:19', u'rating': 2}, {u'url': u'https://www.yelp.com/biz/bbs-cafe-houston-9?hrid=XCVj2Bodg0zefPW27bHLMQ&adjust_creative=2Slx3F97ZFV4IU3uImzXaw&utm_campaign=yelp_api_v3&utm_medium=api_v3_business_reviews&utm_source=2Slx3F97ZFV4IU3uImzXaw', u'text': u'My 5th time here and was dissappointed\nThe redfish was overdone, dry and tasted like a left over that was microwaved.\nEverything else was great.\n\n4 out 5 is...', u'user': {u'image_url': u'https://s3-media1.fl.yelpcdn.com/photo/0EQhq9c0f9C8qaUpPDa_hA/o.jpg', u'name': u'P C.'}, u'time_created': u'2017-07-01 20:34:48', u'rating': 3}], u'total': 105}
taste-of-texas-houston,{u'reviews': [{u'url': u'https://www.yelp.com/biz/taste-of-texas-houston?hrid=bX7HMCnGgkbmkGmDpOMDdw&adjust_creative=2Slx3F97ZFV4IU3uImzXaw&utm_campaign=yelp_api_v3&utm_medium=api_v3_business_reviews&utm_source=2Slx3F97ZFV4IU3uImzXaw', u'text': u"If you want a great steak, come here. It's a little on the expensive side, but you pay for these experiences. I ordered a large juicy and delicious medium...", u'user': {u'image_url': u'https://s3-media3.fl.yelpcdn.com/photo/qt8TbMuc3OpofskAep_TAg/o.jpg', u'name': u'Hieu N.'}, u'time_created': u'2017-09-10 22:59:41', u'rating': 5}, {u'url': u'https://www.yelp.com/biz/taste-of-texas-houston?hrid=gU13-TWqTlIFvIYWrp0QpQ&adjust_creative=2Slx3F97ZFV4IU3uImzXaw&utm_campaign=yelp_api_v3&utm_medium=api_v3_business_reviews&utm_source=2Slx3F97ZFV4IU3uImzXaw', u'text': u'I have been coming to this amazing steak house for over 30 years.\nThey once had a smaller place over on Memorial Drive.\nThe owners are obviously still very...', u'user': {u'image_url': u'https://s3-media3.fl.yelpcdn.com/photo/M7hGMKWl_NYmARUxtO5I5w/o.jpg', u'name': u'Joe H.'}, u'time_created': u'2017-08-21 15:31:37', u'rating': 5}, {u'url': u'https://www.yelp.com/biz/taste-of-texas-houston?hrid=CVAKUJ2I-1NKxjYtV3yArQ&adjust_creative=2Slx3F97ZFV4IU3uImzXaw&utm_campaign=yelp_api_v3&utm_medium=api_v3_business_reviews&utm_source=2Slx3F97ZFV4IU3uImzXaw', u'text': u'First time visitor was a guest to someone else.\n\n. From the ambience \nto the wine selection \nthe customer service, \nthe steak and lobster that I had....', u'user': {u'image_url': u'https://s3-media1.fl.yelpcdn.com/photo/Z3B9Z0frsX2LH0mwypgVgw/o.jpg', u'name': u'Stephen C.'}, u'time_created': u'2017-08-19 10:10:56', u'rating': 5}], u'total': 965}
songkran-thai-kitchen-houston,{u'reviews': [{u'url': u'https://www.yelp.com/biz/songkran-thai-kitchen-houston?hrid=UWy78ffNmbD2HozUCFR4Ew&adjust_creative=2Slx3F97ZFV4IU3uImzXaw&utm_campaign=yelp_api_v3&utm_medium=api_v3_business_reviews&utm_source=2Slx3F97ZFV4IU3uImzXaw', u'text': u'My DH and I stopped in for lunch.  It was our first dining experience at the restaurant.  We are not well-versed in Thai food and our waitperson, Cindy...', u'user': {u'image_url': u'https://s3-media4.fl.yelpcdn.com/photo/NZ14UlNPKLDgIAq90JaK9Q/o.jpg', u'name': u'G G.'}, u'time_created': u'2017-08-06 15:34:56', u'rating': 5}, {u'url': u'https://www.yelp.com/biz/songkran-thai-kitchen-houston?hrid=5ANCGjRZRP2CmNSKkPw_cg&adjust_creative=2Slx3F97ZFV4IU3uImzXaw&utm_campaign=yelp_api_v3&utm_medium=api_v3_business_reviews&utm_source=2Slx3F97ZFV4IU3uImzXaw', u'text': u'I came here today to eat lunch with my mom. This was our first time here and I had my 4 month old daughter with me. Scanning around the room I could tell...', u'user': {u'image_url': u'https://s3-media3.fl.yelpcdn.com/photo/ob0wY4ucqMKSLXnuEczS9Q/o.jpg', u'name': u'Appetite D.'}, u'time_created': u'2017-08-04 13:19:25', u'rating': 4}, {u'url': u'https://www.yelp.com/biz/songkran-thai-kitchen-houston?hrid=9SaVLdm-fdiTiM6733Gnvw&adjust_creative=2Slx3F97ZFV4IU3uImzXaw&utm_campaign=yelp_api_v3&utm_medium=api_v3_business_reviews&utm_source=2Slx3F97ZFV4IU3uImzXaw', u'text': u'The first time when I was here I remember the food was just ok but ambience was very nice. We were blessed with a cool day so we actually sit outside...', u'user': {u'image_url': u'https://s3-media1.fl.yelpcdn.com/photo/4qNYg0rjhZvFsExDVaXSbQ/o.jpg', u'name': u'Na L.'}, u'time_created': u'2017-06-22 04:18:39', u'rating': 3}], u'total': 221}
plonk-beer-and-wine-bistro-houston,{u'reviews': [{u'url': u'https://www.yelp.com/biz/plonk-beer-and-wine-bistro-houston?hrid=U9kscQKpyleSJVmdh-VOJw&adjust_creative=2Slx3F97ZFV4IU3uImzXaw&utm_campaign=yelp_api_v3&utm_medium=api_v3_business_reviews&utm_source=2Slx3F97ZFV4IU3uImzXaw', u'text': u"The side dishes were wonderful! The best hummus I've ever had!!!\n\nFor some reason or other I did not finish the previous review, but just experienced their...", u'user': {u'image_url': u'https://s3-media1.fl.yelpcdn.com/photo/Uxg-AxRZylnTp7OngiuHYw/o.jpg', u'name': u'Geoff G.'}, u'time_created': u'2017-07-09 14:29:51', u'rating': 5}, {u'url': u'https://www.yelp.com/biz/plonk-beer-and-wine-bistro-houston?hrid=sVw1SFVw34s4HUqmIzs16w&adjust_creative=2Slx3F97ZFV4IU3uImzXaw&utm_campaign=yelp_api_v3&utm_medium=api_v3_business_reviews&utm_source=2Slx3F97ZFV4IU3uImzXaw', u'text': u'We tried their Brunch and were one of the first people to arrive shortly after their opened, so it was not busy. Service from the staff ranged from being...', u'user': {u'image_url': u'https://s3-media3.fl.yelpcdn.com/photo/L5HC8KCZPyE-5VgJu_rzFg/o.jpg', u'name': u'Jennie M.'}, u'time_created': u'2017-07-12 07:59:18', u'rating': 1}, {u'url': u'https://www.yelp.com/biz/plonk-beer-and-wine-bistro-houston?hrid=Nt4cMyo6cu0hEQkNi_g0kg&adjust_creative=2Slx3F97ZFV4IU3uImzXaw&utm_campaign=yelp_api_v3&utm_medium=api_v3_business_reviews&utm_source=2Slx3F97ZFV4IU3uImzXaw', u'text': u'My girlfriend and I found this place after attending an art show nearby. What a great find!! The atmosphere was classy yet casual enough to go there in your...', u'user': {u'image_url': u'https://s3-media3.fl.yelpcdn.com/photo/nvgCu0JlFohKoeTV3DHSwA/o.jpg', u'name': u'Bridget v.'}, u'time_created': u'2017-06-04 16:22:19', u'rating': 5}], u'total': 277}
the-brisket-house-houston,{u'reviews': [{u'url': u'https://www.yelp.com/biz/the-brisket-house-houston?hrid=1qxTLFJoOhxt4qSfgy5QtA&adjust_creative=2Slx3F97ZFV4IU3uImzXaw&utm_campaign=yelp_api_v3&utm_medium=api_v3_business_reviews&utm_source=2Slx3F97ZFV4IU3uImzXaw', u'text': u"I feel like you can't go wrong with BBQ anywhere in Texas. It's so much better than BBQ from other states, especially if you don't live in areas that are...", u'user': {u'image_url': u'https://s3-media2.fl.yelpcdn.com/photo/kX4Z0eraErFJD8_t_o_00A/o.jpg', u'name': u'David K.'}, u'time_created': u'2017-05-29 07:50:20', u'rating': 5}, {u'url': u'https://www.yelp.com/biz/the-brisket-house-houston?hrid=LmXFKRwt4itJX-u1a_cRKA&adjust_creative=2Slx3F97ZFV4IU3uImzXaw&utm_campaign=yelp_api_v3&utm_medium=api_v3_business_reviews&utm_source=2Slx3F97ZFV4IU3uImzXaw', u'text': u'The food is a good American BBQ place. The flavoring of the barbecue sauce is a little too sweet for my liking. However, the beef rib is very tender. As for...', u'user': {u'image_url': u'https://s3-media4.fl.yelpcdn.com/photo/MSOvAUyFlGuLcKjb-NBs2g/o.jpg', u'name': u'Kim L.'}, u'time_created': u'2017-09-06 23:29:26', u'rating': 3}, {u'url': u'https://www.yelp.com/biz/the-brisket-house-houston?hrid=y0Tf0TNtmlfR90dR4OUSdQ&adjust_creative=2Slx3F97ZFV4IU3uImzXaw&utm_campaign=yelp_api_v3&utm_medium=api_v3_business_reviews&utm_source=2Slx3F97ZFV4IU3uImzXaw', u'text': u'In town on business and found this diamond in the rough thanks to Yelp.  I ordered a 3 meat plate of brisket, pork ribs and turkey. Two sides, macaroni &...', u'user': {u'image_url': u'https://s3-media2.fl.yelpcdn.com/photo/3iS_eGVE8VBspUc_2XwdFQ/o.jpg', u'name': u'Kelly R.'}, u'time_created': u'2017-05-23 17:35:51', u'rating': 5}], u'total': 505}
biggios-houston-3,{u'reviews': [{u'url': u'https://www.yelp.com/biz/biggios-houston-3?hrid=XQCq-qAg2MPc0CO7FZ3baQ&adjust_creative=2Slx3F97ZFV4IU3uImzXaw&utm_campaign=yelp_api_v3&utm_medium=api_v3_business_reviews&utm_source=2Slx3F97ZFV4IU3uImzXaw', u'text': u'Came here since I was attending a conference on Fri, Sat, and Sun our group was very hungry.  On Sat there was a career fair with only snacks in the...', u'user': {u'image_url': u'https://s3-media2.fl.yelpcdn.com/photo/7inMeK3sBajzpAP55y_piQ/o.jpg', u'name': u'Hai Duong V.'}, u'time_created': u'2017-08-27 17:50:23', u'rating': 4}, {u'url': u'https://www.yelp.com/biz/biggios-houston-3?hrid=oto0MXTw5S2mHmeXG5LXFg&adjust_creative=2Slx3F97ZFV4IU3uImzXaw&utm_campaign=yelp_api_v3&utm_medium=api_v3_business_reviews&utm_source=2Slx3F97ZFV4IU3uImzXaw', u'text': u'The restaurant, tvs, and burgers here are huge!  The burger was the size of my face and was really nicely cooked, and the fries were my absolute favorite,...', u'user': {u'image_url': u'https://s3-media1.fl.yelpcdn.com/photo/EgnSQLsvX3xuxFF3yti8hQ/o.jpg', u'name': u'Cindy Z.'}, u'time_created': u'2017-08-21 14:32:36', u'rating': 4}, {u'url': u'https://www.yelp.com/biz/biggios-houston-3?hrid=HU6nlmVwqvDLmj_2awclXQ&adjust_creative=2Slx3F97ZFV4IU3uImzXaw&utm_campaign=yelp_api_v3&utm_medium=api_v3_business_reviews&utm_source=2Slx3F97ZFV4IU3uImzXaw', u'text': u'Very friendly, attentive and prompt service. We got the fries with queso and bison chili for an appetizer. (5 *) fries were perfect, queso & chili tasty,...', u'user': {u'image_url': u'https://s3-media2.fl.yelpcdn.com/photo/1tA0D8CRez2wUWSD-r3-Ew/o.jpg', u'name': u'Julie L.'}, u'time_created': u'2017-08-09 15:03:09', u'rating': 4}], u'total': 118}
d-and-t-drive-inn-houston,{u'reviews': [{u'url': u'https://www.yelp.com/biz/d-and-t-drive-inn-houston?hrid=u0HFN-Ky7oYdoKnh0SpSsQ&adjust_creative=2Slx3F97ZFV4IU3uImzXaw&utm_campaign=yelp_api_v3&utm_medium=api_v3_business_reviews&utm_source=2Slx3F97ZFV4IU3uImzXaw', u'text': u"No complaints at all! Lots of beers on tap. I had a couple 512's. I didn't try any food so I can't comment on that. \n\nThey had card games available!! My...", u'user': {u'image_url': u'https://s3-media1.fl.yelpcdn.com/photo/lwod3zqg2UCrqoJ9bI1fPA/o.jpg', u'name': u'Brittany G.'}, u'time_created': u'2017-08-23 09:25:54', u'rating': 4}, {u'url': u'https://www.yelp.com/biz/d-and-t-drive-inn-houston?hrid=7sr_NeiTiP2sgogGpDjYRw&adjust_creative=2Slx3F97ZFV4IU3uImzXaw&utm_campaign=yelp_api_v3&utm_medium=api_v3_business_reviews&utm_source=2Slx3F97ZFV4IU3uImzXaw', u'text': u'Parking at this little neighborhood spot is alright if you get there early. It is an ok spot, pretty decent selection of beers, although I preferred the...', u'user': {u'image_url': u'https://s3-media2.fl.yelpcdn.com/photo/iIXwcCmYVjI0Y71XXnGDkg/o.jpg', u'name': u'M T.'}, u'time_created': u'2017-08-06 19:02:07', u'rating': 2}, {u'url': u'https://www.yelp.com/biz/d-and-t-drive-inn-houston?hrid=geuGmwpMxGN-c-ZngbesHQ&adjust_creative=2Slx3F97ZFV4IU3uImzXaw&utm_campaign=yelp_api_v3&utm_medium=api_v3_business_reviews&utm_source=2Slx3F97ZFV4IU3uImzXaw', u'text': u'I went for Parks and Rec trivia night on a Thursday. The event was advertised on Facebook and hundreds of people were interested. It was PACKED. From my...', u'user': {u'image_url': u'https://s3-media1.fl.yelpcdn.com/photo/Y5ENXEXJdJyfdwk9tpPcFA/o.jpg', u'name': u'Danielle D.'}, u'time_created': u'2017-07-20 21:40:45', u'rating': 4}], u'total': 157}
tacos-la-bala-houston-3,{u'reviews': [{u'url': u'https://www.yelp.com/biz/tacos-la-bala-houston-3?hrid=Z4atRcCS6BaGq6JSK1V4Hw&adjust_creative=2Slx3F97ZFV4IU3uImzXaw&utm_campaign=yelp_api_v3&utm_medium=api_v3_business_reviews&utm_source=2Slx3F97ZFV4IU3uImzXaw', u'text': u"Best tacos in Houston!! I have driven by this place hundreds of times, but I've never given it a second look. Although the restaurant may look a bit dingy...", u'user': {u'image_url': u'https://s3-media3.fl.yelpcdn.com/photo/9zS6ycaZ_sCQQ82xeetYMQ/o.jpg', u'name': u'Willy N.'}, u'time_created': u'2017-09-04 20:53:41', u'rating': 5}, {u'url': u'https://www.yelp.com/biz/tacos-la-bala-houston-3?hrid=tbaXQPCL7FULCEtTSXHVrw&adjust_creative=2Slx3F97ZFV4IU3uImzXaw&utm_campaign=yelp_api_v3&utm_medium=api_v3_business_reviews&utm_source=2Slx3F97ZFV4IU3uImzXaw', u'text': u'Stopped in looking for a quick, cheap, and delicious lunch, and it was all that and more. \n\nOrdered the tompo (al pastor) and barbacoa both on flour with a...', u'user': {u'image_url': u'https://s3-media2.fl.yelpcdn.com/photo/E04cpjw4cURG-tFCIosEXg/o.jpg', u'name': u'Jasmine W.'}, u'time_created': u'2017-07-06 20:46:53', u'rating': 5}, {u'url': u'https://www.yelp.com/biz/tacos-la-bala-houston-3?hrid=c7VwpqmS9L_pZ_7n3NugRA&adjust_creative=2Slx3F97ZFV4IU3uImzXaw&utm_campaign=yelp_api_v3&utm_medium=api_v3_business_reviews&utm_source=2Slx3F97ZFV4IU3uImzXaw', u'text': u"I love this place so much! If you're looking for authentic Mexican, this is the place for you. I haven't regretted coming here once. I usually get the...", u'user': {u'image_url': u'https://s3-media2.fl.yelpcdn.com/photo/4xlsOCTwi9t0XEVDSQJtfA/o.jpg', u'name': u'Mary C.'}, u'time_created': u'2017-05-28 22:10:52', u'rating': 5}], u'total': 276}
holleys-seafood-restaurant-and-oyster-bar-houston,{u'reviews': [{u'url': u'https://www.yelp.com/biz/holleys-seafood-restaurant-and-oyster-bar-houston?hrid=h7IF93QQfM6XeNf3um7wIA&adjust_creative=2Slx3F97ZFV4IU3uImzXaw&utm_campaign=yelp_api_v3&utm_medium=api_v3_business_reviews&utm_source=2Slx3F97ZFV4IU3uImzXaw', u'text': u'This was one of the greatest surprises so far while dining out for HRW 2017. \n\nThe dining room is elegant, but not stuffy. The crowd is classy, but not...', u'user': {u'image_url': u'https://s3-media1.fl.yelpcdn.com/photo/PF5cHxANkPJS7WUKQHhoEQ/o.jpg', u'name': u'Chad M.'}, u'time_created': u'2017-08-27 11:35:15', u'rating': 5}, {u'url': u'https://www.yelp.com/biz/holleys-seafood-restaurant-and-oyster-bar-houston?hrid=r6gOdsbeyhV0iygt7poXfg&adjust_creative=2Slx3F97ZFV4IU3uImzXaw&utm_campaign=yelp_api_v3&utm_medium=api_v3_business_reviews&utm_source=2Slx3F97ZFV4IU3uImzXaw', u'text': u"If you are wanting to have a nice night out with great seafood, Holley's is the place. I went with a large group (about 15 people) the service was quick,...", u'user': {u'image_url': u'https://s3-media1.fl.yelpcdn.com/photo/hPxpD3bapec8N-zrFnhAig/o.jpg', u'name': u'Shelia M.'}, u'time_created': u'2017-08-11 21:34:14', u'rating': 5}, {u'url': u'https://www.yelp.com/biz/holleys-seafood-restaurant-and-oyster-bar-houston?hrid=bNJmMKcDenLAXtiLAFxLZQ&adjust_creative=2Slx3F97ZFV4IU3uImzXaw&utm_campaign=yelp_api_v3&utm_medium=api_v3_business_reviews&utm_source=2Slx3F97ZFV4IU3uImzXaw', u'text': u"Came for HRW 2017 and loved it! The restaurant is large and well decorated. They have a main dining room that's more dim and romantic but also an area with...", u'user': {u'image_url': u'https://s3-media2.fl.yelpcdn.com/photo/eqrk_9n8TU0kBLIw0xcdvA/o.jpg', u'name': u'Alexandra W.'}, u'time_created': u'2017-08-09 20:41:46', u'rating': 5}], u'total': 307}
j-and-j-lounge-houston,{u'reviews': [{u'url': u'https://www.yelp.com/biz/j-and-j-lounge-houston?hrid=zwVc_i-XnPsXplAMIpDMig&adjust_creative=2Slx3F97ZFV4IU3uImzXaw&utm_campaign=yelp_api_v3&utm_medium=api_v3_business_reviews&utm_source=2Slx3F97ZFV4IU3uImzXaw', u'text': u'Everything on the menu it great. I love their salads. Their seafood os delicious. Their hamburgers are mouth watering', u'user': {u'image_url': u'https://s3-media1.fl.yelpcdn.com/photo/uZwI-L5QN2XjSUuHsEt-Fg/o.jpg', u'name': u'Shantell W.'}, u'time_created': u'2017-05-23 15:51:19', u'rating': 5}, {u'url': u'https://www.yelp.com/biz/j-and-j-lounge-houston?hrid=pZrUjS40n68mIvG4PvTDZg&adjust_creative=2Slx3F97ZFV4IU3uImzXaw&utm_campaign=yelp_api_v3&utm_medium=api_v3_business_reviews&utm_source=2Slx3F97ZFV4IU3uImzXaw', u'text': u'Horrible service! Walked in order some food took about 15min to get after seeing my first plate I figured let me get another one like Dj Khalid so I ordered...', u'user': {u'image_url': u'https://s3-media2.fl.yelpcdn.com/photo/Mg_SGOnFxJvChJ3BkUyJBw/o.jpg', u'name': u'Kaylon W.'}, u'time_created': u'2017-02-18 19:26:49', u'rating': 1}, {u'url': u'https://www.yelp.com/biz/j-and-j-lounge-houston?hrid=3dOzRfkKbUdlBywZmnLvLw&adjust_creative=2Slx3F97ZFV4IU3uImzXaw&utm_campaign=yelp_api_v3&utm_medium=api_v3_business_reviews&utm_source=2Slx3F97ZFV4IU3uImzXaw', u'text': u'Excellent Food!! Fast service!\nIf you want authentic soul food, seafood, burgers then this is the place for you. I was able to build my own plate right...', u'user': {u'image_url': u'https://s3-media1.fl.yelpcdn.com/photo/g8V9PdgXR2bLynpSSh817w/o.jpg', u'name': u'Ashley P.'}, u'time_created': u'2015-11-08 12:22:02', u'rating': 5}], u'total': 7}
